Error	Name
0.36789	UCCSD
0.58998	UCCSD
0.94747	UCCSD
0.92762	UCCSD
-0.2177	UCCSD
0.17852	UCCSD
2.5046	UCCSD
1.76566	UCCSD
1.67565	UCCSD
1.08839	UCCSD
0.37021	UCCSD
0.39845	UCCSD
1.76378	UCCSD
1.32532	UCCSD
0.51378	UCCSD
0.34261	UCCSD
1.56076	UCCSD
0.16512	UCCSD
0.04259	UCCSD
0.29535	UCCSD
0.72998	UCCSD
0.77422	UCCSD
0.44057	UCCSD
0.28399	UCCSD
0.7273	UCCSD
0.38933	UCCSD
0.77858	UCCSD
0.94842	UCCSD
0.88606	UCCSD
1.22223	UCCSD
0.36422	UCCSD
0.76834	UCCSD
0.36509	UCCSD
1.26982	UCCSD
0.85653	UCCSD
-0.16688	UCCSD
1.01098	UCCSD
1.22154	UCCSD
-0.63727	UCCSD
0.18648	UCCSD
0.73217	UCCSD
1.28921	UCCSD
0.14162	UCCSD
0.66601	UCCSD
0.61967	UCCSD
0.29451	UCCSD
0.14793	UCCSD
0.76133	UCCSD
-0.01094	UCCSD
1.1984	UCCSD
0.21624	UCCSD
0.55051	UCCSD
-0.01139	UCCSD
0.13698	UCCSD
1.89145	UCCSD
0.91969	UCCSD
1.06433	UCCSD
1.29568	UCCSD
-0.06202	UCCSD
1.04552	UCCSD
0.55271	UCCSD
1.24258	UCCSD
1.26252	UCCSD
0.34448	UCCSD
1.41672	UCCSD
0.27715	UCCSD
0.24461	UCCSD
0.66119	UCCSD
1.07917	UCCSD
0.72743	UCCSD
1.3899	UCCSD
0.91856	UCCSD
1.40161	UCCSD
0.94325	UCCSD
0.7216	UCCSD
1.75174	UCCSD
2.72465	UCCSD
1.57821	UCCSD
2.31413	UCCSD
1.07352	UCCSD
0.76018	UCCSD
1.50222	UCCSD
-0.07863	UCCSD
1.14658	UCCSD
0.85048	UCCSD
-0.30533	UCCSD
1.03675	UCCSD
0.89396	UCCSD
1.0144	UCCSD
0.41806	UCCSD
0.4802	UCCSD
0.36034	UCCSD
1.02421	UCCSD
0.38449	UCCSD
1.32655	UCCSD
0.87028	UCCSD
1.07159	UCCSD
1.6212	UCCSD
0.90038	UCCSD
0.11249	UCCSD
-0.32565	UCCSD
2.74728	UCCSD
-0.66272	UCCSD
0.70807	UCCSD
1.69286	UCCSD
1.66475	UCCSD
-1.15114	UCCSD
1.37265	UCCSD
-0.0356	UCCSD
2.0808	UCCSD
0.28835	UCCSD
0.37766	UCCSD
0.25131	UCCSD
0.47366	UCCSD
0.45691	UCCSD
0.62779	UCCSD
0.72851	UCCSD
1.11238	UCCSD
0.61197	UCCSD
1.6898	UCCSD
-0.24606	UCCSD
-0.36354	UCCSD
-0.44584	UCCSD
0.33341	UCCSD
1.38739	UCCSD
-0.31163	UCCSD
0.09849	UCCSD
1.2596	UCCSD
2.01394	UCCSD
0.24117	UCCSD
-0.64034	UCCSD
1.03637	UCCSD
0.61298	UCCSD
1.45307	UCCSD
0.24031	UCCSD
0.326	UCCSD
0.3031	UCCSD
-0.35281	UCCSD
0.68596	UCCSD
0.84327	UCCSD
1.04019	UCCSD
0.75459	UCCSD
-0.5157	UCCSD
0.80587	UCCSD
0.73486	UCCSD
0.0414	UCCSD
0.77262	UCCSD
0.00627	UCCSD
1.38931	UCCSD
-0.03916	UCCSD
0.51826	UCCSD
1.15905	UCCSD
0.38808	UCCSD
1.37407	UCCSD
0.80401	UCCSD
2.11448	UCCSD
0.8512	UCCSD
1.30507	UCCSD
-0.00133	UCCSD
0.42794	UCCSD
0.84014	UCCSD
0.6624	UCCSD
0.60631	UCCSD
1.02473	UCCSD
-0.16158	UCCSD
0.94989	UCCSD
0.93716	UCCSD
1.53429	UCCSD
0.74012	UCCSD
1.25318	UCCSD
0.61393	UCCSD
1.03879	UCCSD
0.40614	UCCSD
0.8648	UCCSD
1.27407	UCCSD
0.64573	UCCSD
2.01947	UCCSD
1.03857	UCCSD
0.43685	UCCSD
0.46324	UCCSD
0.71379	UCCSD
1.17098	UCCSD
0.58131	UCCSD
1.05025	UCCSD
-0.09978	UCCSD
0.66823	UCCSD
0.35397	UCCSD
0.25139	UCCSD
1.08779	UCCSD
0.80797	UCCSD
1.42678	UCCSD
-0.12273	UCCSD
0.38997	UCCSD
1.24831	UCCSD
0.41693	UCCSD
0.86222	UCCSD
0.99241	UCCSD
-1.493	UCCSD
1.83529	UCCSD
0.66815	UCCSD
0.90296	UCCSD
1.49902	UCCSD
1.17175	UCCSD
0.35978	UCCSD
0.50468	UCCSD
0.78962	UCCSD
1.76802	UCCSD
-0.03949	UCCSD
0.36811	UCCSD
0.6838	UCCSD
0.78965	UCCSD
0.50306	UCCSD
0.69795	UCCSD
1.61792	UCCSD
2.46716	UCCSD
2.05005	UCCSD
-0.22056	UCCSD
1.89463	UCCSD
1.26056	UCCSD
1.07484	UCCSD
0.76419	UCCSD
1.1271	UCCSD
0.72539	UCCSD
-0.40369	UCCSD
-0.15418	UCCSD
2.21228	UCCSD
0.31307	UCCSD
-0.14397	UCCSD
0.94392	UCCSD
1.20577	UCCSD
0.02721	UCCSD
0.2336	UCCSD
0.91029	UCCSD
1.03947	UCCSD
0.53909	UCCSD
0.40758	UCCSD
0.1435	UCCSD
1.13923	UCCSD
0.70491	UCCSD
1.02265	UCCSD
1.85987	UCCSD
0.83849	UCCSD
1.18219	UCCSD
1.07028	UCCSD
-1.69672	UCCSD
1.38101	UCCSD
0.91762	UCCSD
0.86189	UCCSD
0.87208	UCCSD
0.90716	UCCSD
0.63196	UCCSD
0.72051	UCCSD
0.22293	UCCSD
-0.03707	UCCSD
0.14714	UCCSD
0.72074	UCCSD
0.39789	UCCSD
0.87564	UCCSD
1.15225	UCCSD
0.77068	UCCSD
0.78721	UCCSD
0.78814	UCCSD
1.72596	UCCSD
1.54978	UCCSD
0.52178	UCCSD
1.87632	UCCSD
0.99408	UCCSD
1.78691	UCCSD
-0.88165	UCCSD
2.20132	UCCSD
0.60177	UCCSD
0.40314	UCCSD
1.93922	UCCSD
0.29425	UCCSD
0.91122	UCCSD
0.63781	UCCSD
1.02942	UCCSD
0.32657	UCCSD
0.99438	UCCSD
-0.62241	UCCSD
0.72286	UCCSD
0.09553	UCCSD
-0.29665	UCCSD
0.66218	UCCSD
1.47622	UCCSD
1.67724	UCCSD
1.18397	UCCSD
0.84545	UCCSD
-0.43455	UCCSD
1.15171	UCCSD
2.10731	UCCSD
1.65317	UCCSD
-0.13541	UCCSD
0.84222	UCCSD
0.50578	UCCSD
1.47606	UCCSD
0.73615	UCCSD
-0.06293	UCCSD
-0.05772	UCCSD
0.61491	UCCSD
0.60756	UCCSD
1.55053	UCCSD
-0.00979	UCCSD
0.21849	UCCSD
0.8764	UCCSD
0.91448	UCCSD
0.90926	UCCSD
1.39944	UCCSD
-0.55938	UCCSD
1.18583	UCCSD
1.34607	UCCSD
-1.51748	UCCSD
0.87808	UCCSD
-0.5294	UCCSD
1.44266	UCCSD
1.18827	UCCSD
1.17684	UCCSD
1.61137	UCCSD
0.13076	UCCSD
0.47068	UCCSD
0.2727	UCCSD
0.96357	UCCSD
0.81843	UCCSD
0.48985	UCCSD
-0.51392	UCCSD
0.3147	UCCSD
0.79914	UCCSD
1.22272	UCCSD
0.95979	UCCSD
1.85176	UCCSD
-3.40062	UCCSD
1.73588	UCCSD
0.82241	UCCSD
0.40949	UCCSD
1.63328	UCCSD
1.17369	UCCSD
0.5955	UCCSD
-0.11403	UCCSD
-0.34991	UCCSD
1.22545	UCCSD
1.30756	UCCSD
1.06309	UCCSD
0.37746	UCCSD
0.53595	UCCSD
0.92295	UCCSD
0.85905	UCCSD
0.7129	UCCSD
0.66183	UCCSD
0.14929	UCCSD
1.49908	UCCSD
1.36873	UCCSD
0.19898	UCCSD
0.86339	UCCSD
-1.85242	UCCSD
-0.93625	UCCSD
1.24016	UCCSD
0.62038	UCCSD
0.73066	UCCSD
1.33592	UCCSD
0.70521	UCCSD
-0.08754	UCCSD
1.34582	UCCSD
0.45625	UCCSD
0.98721	UCCSD
-0.17393	UCCSD
0.89722	UCCSD
0.85273	UCCSD
0.80305	UCCSD
0.35575	UCCSD
0.55653	UCCSD
-0.06311	UCCSD
0.25111	UCCSD
1.66367	UCCSD
0.82427	UCCSD
-0.26162	UCCSD
-0.74433	UCCSD
0.24763	UCCSD
1.03749	UCCSD
1.07739	UCCSD
0.90365	UCCSD
0.07411	UCCSD
2.13334	UCCSD
-1.22735	UCCSD
-0.49373	UCCSD
0.1852	UCCSD
0.58058	UCCSD
0.13058	UCCSD
1.21353	UCCSD
1.13755	UCCSD
0.17889	UCCSD
0.85998	UCCSD
0.43847	UCCSD
0.52315	UCCSD
1.30066	UCCSD
0.64087	UCCSD
0.56954	UCCSD
0.92032	UCCSD
1.7883	UCCSD
0.93393	UCCSD
0.85397	UCCSD
1.31886	UCCSD
1.92844	UCCSD
0.72272	UCCSD
1.28536	UCCSD
1.57896	UCCSD
0.57001	UCCSD
0.19932	UCCSD
0.34151	UCCSD
0.62246	UCCSD
0.32598	UCCSD
0.44606	UCCSD
0.42454	UCCSD
1.1826	UCCSD
0.70021	UCCSD
0.68047	UCCSD
0.093	UCCSD
0.35065	UCCSD
1.23625	UCCSD
-0.28532	UCCSD
0.63355	UCCSD
0.95818	UCCSD
2.09176	UCCSD
2.13741	UCCSD
0.7072	UCCSD
1.63762	UCCSD
0.8828	UCCSD
0.82435	UCCSD
1.31432	UCCSD
1.35714	UCCSD
2.17009	UCCSD
1.09861	UCCSD
1.49964	UCCSD
-0.23637	UCCSD
0.77061	UCCSD
0.82866	UCCSD
-0.18013	UCCSD
0.71888	UCCSD
0.40897	UCCSD
0.61649	UCCSD
0.70499	UCCSD
0.324	UCCSD
0.09177	UCCSD
0.18729	UCCSD
1.71715	UCCSD
1.33329	UCCSD
0.62531	UCCSD
2.21517	UCCSD
1.27046	UCCSD
0.83684	UCCSD
0.8371	UCCSD
2.34598	UCCSD
2.01158	UCCSD
1.409	UCCSD
-0.42754	UCCSD
0.77309	UCCSD
0.97005	UCCSD
0.62589	UCCSD
0.4963	UCCSD
0.61815	UCCSD
0.67915	UCCSD
0.8062	UCCSD
0.37497	UCCSD
0.88281	UCCSD
0.92367	UCCSD
1.80636	UCCSD
0.8184	UCCSD
0.5711	UCCSD
1.14649	UCCSD
-0.48743	UCCSD
-0.45717	UCCSD
1.12784	UCCSD
1.22484	UCCSD
1.16246	UCCSD
0.99086	UCCSD
1.27717	UCCSD
-0.78867	UCCSD
1.30145	UCCSD
0.85138	UCCSD
-0.08039	UCCSD
1.24694	UCCSD
0.63905	UCCSD
0.13599	UCCSD
0.53407	UCCSD
0.6373	UCCSD
0.76337	UCCSD
0.64219	UCCSD
1.12469	UCCSD
-0.24957	UCCSD
1.25294	UCCSD
1.11857	UCCSD
-0.67566	UCCSD
1.16515	UCCSD
-0.86269	UCCSD
0.93892	UCCSD
1.71146	UCCSD
0.73752	UCCSD
0.5718	UCCSD
-1.17796	UCCSD
0.74471	UCCSD
1.64271	UCCSD
1.06053	UCCSD
1.17645	UCCSD
0.47898	UCCSD
-0.02301	UCCSD
0.56558	UCCSD
0.42752	UCCSD
0.63638	UCCSD
0.94841	UCCSD
1.03817	UCCSD
1.37376	UCCSD
0.99426	UCCSD
1.49407	UCCSD
0.27029	UCCSD
-0.62488	UCCSD
1.85593	UCCSD
1.55022	UCCSD
1.31133	UCCSD
0.78517	UCCSD
1.32344	UCCSD
1.11509	UCCSD
1.04896	UCCSD
1.02421	UCCSD
0.55113	UCCSD
2.05901	UCCSD
0.79934	UCCSD
1.33155	UCCSD
0.87772	UCCSD
0.45565	UCCSD
0.30973	UCCSD
0.35809	UCCSD
0.38066	UCCSD
0.98302	UCCSD
0.00955	UCCSD
1.21374	UCCSD
0.75883	UCCSD
0.12751	UCCSD
0.69363	UCCSD
2.05658	UCCSD
1.49939	UCCSD
1.27899	UCCSD
0.0643	UCCSD
1.76494	UCCSD
1.04042	UCCSD
2.86548	UCCSD
-0.20761	UCCSD
0.55816	UCCSD
1.14904	UCCSD
-0.65149	UCCSD
1.76135	UCCSD
0.81932	UCCSD
0.46749	UCCSD
0.60664	UCCSD
0.55275	UCCSD
0.89515	UCCSD
1.10169	UCCSD
0.7118	UCCSD
0.94906	UCCSD
1.33841	UCCSD
0.52658	UCCSD
-0.84319	UCCSD
0.54593	UCCSD
0.79426	UCCSD
1.21167	UCCSD
0.90058	UCCSD
0.48671	UCCSD
1.26293	UCCSD
1.23372	UCCSD
-0.55912	UCCSD
-0.39955	UCCSD
1.12292	UCCSD
0.54041	UCCSD
0.24709	UCCSD
0.16819	UCCSD
0.44572	UCCSD
0.53645	UCCSD
0.54742	UCCSD
0.23886	UCCSD
0.83396	UCCSD
0.81721	UCCSD
-0.60388	UCCSD
0.79394	UCCSD
1.7155	UCCSD
0.33104	UCCSD
1.23261	UCCSD
1.00387	UCCSD
-0.05119	UCCSD
2.44742	UCCSD
1.17829	UCCSD
0.49931	UCCSD
1.14585	UCCSD
1.17858	UCCSD
1.60399	UCCSD
1.06207	UCCSD
0.30468	UCCSD
0.50132	UCCSD
0.21268	UCCSD
0.91821	UCCSD
0.35926	UCCSD
0.8183	UCCSD
0.71795	UCCSD
0.33121	UCCSD
0.39234	UCCSD
1.16153	UCCSD
1.45738	UCCSD
1.35049	UCCSD
0.63801	UCCSD
0.62437	UCCSD
1.23426	UCCSD
0.08019	UCCSD
1.25573	UCCSD
0.47441	UCCSD
-0.41009	UCCSD
-0.76278	UCCSD
2.06454	UCCSD
0.33711	UCCSD
0.29153	UCCSD
1.03804	UCCSD
0.7625	UCCSD
0.46896	UCCSD
0.45211	UCCSD
0.07607	UCCSD
0.7937	UCCSD
0.8953	UCCSD
0.81806	UCCSD
0.26366	UCCSD
0.54719	UCCSD
0.5458	UCCSD
-1.08027	UCCSD
-0.40517	UCCSD
-0.03474	UCCSD
-0.06341	UCCSD
1.89979	UCCSD
0.88037	UCCSD
0.59165	UCCSD
1.3888	UCCSD
0.65775	UCCSD
-0.43523	UCCSD
1.98467	UCCSD
1.63168	UCCSD
2.04292	UCCSD
1.58863	UCCSD
0.16412	UCCSD
0.63068	UCCSD
0.21587	UCCSD
0.60016	UCCSD
0.78051	UCCSD
-0.33597	UCCSD
0.58042	UCCSD
0.56997	UCCSD
0.57669	UCCSD
0.3357	UCCSD
0.11552	UCCSD
1.74856	UCCSD
2.29918	UCCSD
1.82081	UCCSD
1.46935	UCCSD
0.92262	UCCSD
0.26797	UCCSD
2.00685	UCCSD
2.40978	UCCSD
1.03467	UCCSD
0.32133	UCCSD
-0.06716	UCCSD
0.78272	UCCSD
0.55388	UCCSD
1.05305	UCCSD
0.58753	UCCSD
-0.25796	UCCSD
0.80436	UCCSD
0.9767	UCCSD
1.61449	UCCSD
0.78593	UCCSD
1.84328	UCCSD
1.37033	UCCSD
0.17954	UCCSD
0.96315	UCCSD
1.64567	UCCSD
1.34102	UCCSD
0.75901	UCCSD
1.75871	UCCSD
1.46534	UCCSD
1.35449	UCCSD
2.07481	UCCSD
0.01768	UCCSD
0.66374	UCCSD
0.92149	UCCSD
0.62978	UCCSD
0.7224	UCCSD
0.25898	UCCSD
0.47154	UCCSD
0.27545	UCCSD
0.3871	UCCSD
1.02105	UCCSD
0.67124	UCCSD
1.22566	UCCSD
0.51412	UCCSD
0.99154	UCCSD
2.23412	UCCSD
1.57326	UCCSD
0.77423	UCCSD
0.83274	UCCSD
0.90581	UCCSD
1.17385	UCCSD
0.75521	UCCSD
2.216	UCCSD
1.87496	UCCSD
1.26641	UCCSD
0.84518	UCCSD
-0.07113	UCCSD
0.10877	UCCSD
0.82163	UCCSD
0.32603	UCCSD
0.23742	UCCSD
0.92237	UCCSD
0.05188	UCCSD
0.92987	UCCSD
1.18557	UCCSD
-0.07688	UCCSD
0.57629	UCCSD
0.30766	UCCSD
-0.5671	UCCSD
1.86643	UCCSD
1.31872	UCCSD
2.58775	UCCSD
1.29558	UCCSD
1.36126	UCCSD
0.76063	UCCSD
1.07471	UCCSD
-1.17613	UCCSD
0.26385	UCCSD
1.36685	UCCSD
0.80452	UCCSD
-0.08704	UCCSD
0.51428	UCCSD
0.46794	UCCSD
0.38714	UCCSD
0.1831	1-UpCCGSD
0.06104	1-UpCCGSD
0.36622	1-UpCCGSD
0.30518	1-UpCCGSD
0.24414	1-UpCCGSD
0.91553	1-UpCCGSD
0.36621	1-UpCCGSD
-0.24414	1-UpCCGSD
0.79346	1-UpCCGSD
0.54932	1-UpCCGSD
2.68554	1-UpCCGSD
1.28174	1-UpCCGSD
1.64795	1-UpCCGSD
0.48828	1-UpCCGSD
-0.91553	1-UpCCGSD
1.34277	1-UpCCGSD
0.54932	1-UpCCGSD
0.30517	1-UpCCGSD
0	1-UpCCGSD
-0.12207	1-UpCCGSD
0.30518	1-UpCCGSD
0.12207	1-UpCCGSD
0.06104	1-UpCCGSD
0.24414	1-UpCCGSD
0.12207	1-UpCCGSD
0.12208	1-UpCCGSD
-0.06103	1-UpCCGSD
0.24414	1-UpCCGSD
0.73242	1-UpCCGSD
-0.06104	1-UpCCGSD
0.91553	1-UpCCGSD
0.67139	1-UpCCGSD
-0.36621	1-UpCCGSD
1.64795	1-UpCCGSD
1.52588	1-UpCCGSD
0.73242	1-UpCCGSD
0.06103	1-UpCCGSD
1.0376	1-UpCCGSD
0.67139	1-UpCCGSD
0.73242	1-UpCCGSD
0.36621	1-UpCCGSD
0.06103	1-UpCCGSD
0.30518	1-UpCCGSD
0.18311	1-UpCCGSD
0.12207	1-UpCCGSD
0.06104	1-UpCCGSD
-0.06104	1-UpCCGSD
0	1-UpCCGSD
0.36622	1-UpCCGSD
0.06104	1-UpCCGSD
0.12207	1-UpCCGSD
0.06104	1-UpCCGSD
0.54931	1-UpCCGSD
-0.24414	1-UpCCGSD
-0.12207	1-UpCCGSD
0.61035	1-UpCCGSD
1.40381	1-UpCCGSD
0.79346	1-UpCCGSD
0.79345	1-UpCCGSD
1.34277	1-UpCCGSD
0.06103	1-UpCCGSD
0.1831	1-UpCCGSD
-0.48828	1-UpCCGSD
0.42724	1-UpCCGSD
0.24414	1-UpCCGSD
0.18311	1-UpCCGSD
0.18311	1-UpCCGSD
0.06104	1-UpCCGSD
0.06104	1-UpCCGSD
0.12207	1-UpCCGSD
0.12207	1-UpCCGSD
0.24415	1-UpCCGSD
0	1-UpCCGSD
0.24414	1-UpCCGSD
0.61035	1-UpCCGSD
1.15967	1-UpCCGSD
0.97656	1-UpCCGSD
-1.40381	1-UpCCGSD
-0.36621	1-UpCCGSD
0.36621	1-UpCCGSD
1.46484	1-UpCCGSD
0.97656	1-UpCCGSD
-0.06104	1-UpCCGSD
0.61035	1-UpCCGSD
-0.30518	1-UpCCGSD
0.85449	1-UpCCGSD
0.12207	1-UpCCGSD
0.36621	1-UpCCGSD
0.42725	1-UpCCGSD
0.36622	1-UpCCGSD
0.06104	1-UpCCGSD
0.18311	1-UpCCGSD
0	1-UpCCGSD
0.06104	1-UpCCGSD
0.30518	1-UpCCGSD
0.12207	1-UpCCGSD
0.12207	1-UpCCGSD
0.06104	1-UpCCGSD
0.1831	1-UpCCGSD
0.06103	1-UpCCGSD
0.12207	1-UpCCGSD
1.58691	1-UpCCGSD
2.4414	1-UpCCGSD
-0.24414	1-UpCCGSD
0.67138	1-UpCCGSD
-0.12207	1-UpCCGSD
0	1-UpCCGSD
-0.24414	1-UpCCGSD
0.48828	1-UpCCGSD
0.36621	1-UpCCGSD
0.36621	1-UpCCGSD
0.36621	1-UpCCGSD
0.42725	1-UpCCGSD
0.12207	1-UpCCGSD
0.18311	1-UpCCGSD
0.06103	1-UpCCGSD
0.06104	1-UpCCGSD
0.18311	1-UpCCGSD
0.24414	1-UpCCGSD
-0.12207	1-UpCCGSD
0.24414	1-UpCCGSD
0.85449	1-UpCCGSD
0.85449	1-UpCCGSD
0.73242	1-UpCCGSD
0.73242	1-UpCCGSD
-1.28174	1-UpCCGSD
-0.12207	1-UpCCGSD
0.06103	1-UpCCGSD
0.79345	1-UpCCGSD
-0.42725	1-UpCCGSD
-1.34277	1-UpCCGSD
0.67139	1-UpCCGSD
0.24414	1-UpCCGSD
0.1831	1-UpCCGSD
0.06104	1-UpCCGSD
0.18311	1-UpCCGSD
0.18311	1-UpCCGSD
0.12207	1-UpCCGSD
0.06103	1-UpCCGSD
0.12207	1-UpCCGSD
0.36622	1-UpCCGSD
0	1-UpCCGSD
0.61035	1-UpCCGSD
0.48828	1-UpCCGSD
0.24414	1-UpCCGSD
0.61035	1-UpCCGSD
0.12207	1-UpCCGSD
1.34277	1-UpCCGSD
0.85449	1-UpCCGSD
1.15967	1-UpCCGSD
1.03759	1-UpCCGSD
0.67138	1-UpCCGSD
0.54931	1-UpCCGSD
0.79346	1-UpCCGSD
0.42725	1-UpCCGSD
-0.18311	1-UpCCGSD
0.48828	1-UpCCGSD
0.36621	1-UpCCGSD
0.30518	1-UpCCGSD
0.18311	1-UpCCGSD
0.06104	1-UpCCGSD
0.12207	1-UpCCGSD
0.12207	1-UpCCGSD
0.18311	1-UpCCGSD
-0.06103	1-UpCCGSD
0.24414	1-UpCCGSD
0.85449	1-UpCCGSD
0.42724	1-UpCCGSD
-1.0376	1-UpCCGSD
-0.73242	1-UpCCGSD
0.30518	1-UpCCGSD
0.85449	1-UpCCGSD
1.89209	1-UpCCGSD
0.73242	1-UpCCGSD
-0.42725	1-UpCCGSD
0.61035	1-UpCCGSD
0	1-UpCCGSD
0.54932	1-UpCCGSD
-0.12207	1-UpCCGSD
0.06103	1-UpCCGSD
0.06104	1-UpCCGSD
0.18311	1-UpCCGSD
0	1-UpCCGSD
0.12207	1-UpCCGSD
0.1831	1-UpCCGSD
0.06104	1-UpCCGSD
0.12208	1-UpCCGSD
-0.06103	1-UpCCGSD
0	1-UpCCGSD
0.54932	1-UpCCGSD
0.42724	1-UpCCGSD
0.1831	1-UpCCGSD
-0.91552	1-UpCCGSD
1.34277	1-UpCCGSD
1.2207	1-UpCCGSD
0.97656	1-UpCCGSD
1.34277	1-UpCCGSD
0.48828	1-UpCCGSD
-0.36621	1-UpCCGSD
1.2207	1-UpCCGSD
0.30518	1-UpCCGSD
0.48828	1-UpCCGSD
-0.24414	1-UpCCGSD
0.18311	1-UpCCGSD
0.18311	1-UpCCGSD
0.18311	1-UpCCGSD
0	1-UpCCGSD
0.12207	1-UpCCGSD
0.06104	1-UpCCGSD
0.18311	1-UpCCGSD
0	1-UpCCGSD
0.12207	1-UpCCGSD
0.48828	1-UpCCGSD
0.73242	1-UpCCGSD
0.73242	1-UpCCGSD
0.12207	1-UpCCGSD
0.97656	1-UpCCGSD
1.15966	1-UpCCGSD
0.48828	1-UpCCGSD
0	1-UpCCGSD
-0.18311	1-UpCCGSD
-1.15967	1-UpCCGSD
0.42724	1-UpCCGSD
0.18311	1-UpCCGSD
0.54931	1-UpCCGSD
0.24414	1-UpCCGSD
0.18311	1-UpCCGSD
0.06104	1-UpCCGSD
0.06104	1-UpCCGSD
0	1-UpCCGSD
0.12207	1-UpCCGSD
-0.06103	1-UpCCGSD
0.36622	1-UpCCGSD
0.24414	1-UpCCGSD
0.24414	1-UpCCGSD
0.97656	1-UpCCGSD
1.15967	1-UpCCGSD
0.42724	1-UpCCGSD
0.54932	1-UpCCGSD
1.2207	1-UpCCGSD
1.46484	1-UpCCGSD
0.30518	1-UpCCGSD
2.19726	1-UpCCGSD
0.48828	1-UpCCGSD
1.28174	1-UpCCGSD
0.36621	1-UpCCGSD
0.61035	1-UpCCGSD
0.42724	1-UpCCGSD
0.12207	1-UpCCGSD
0.18311	1-UpCCGSD
0.42725	1-UpCCGSD
0.12207	1-UpCCGSD
0.06104	1-UpCCGSD
0.12207	1-UpCCGSD
-0.1831	1-UpCCGSD
0.30518	1-UpCCGSD
0.12207	1-UpCCGSD
0.48828	1-UpCCGSD
0.48828	1-UpCCGSD
0.48828	1-UpCCGSD
0.48828	1-UpCCGSD
0.97657	1-UpCCGSD
-0.85449	1-UpCCGSD
1.03759	1-UpCCGSD
1.0376	1-UpCCGSD
-0.73243	1-UpCCGSD
1.28173	1-UpCCGSD
-1.34278	1-UpCCGSD
0.12207	1-UpCCGSD
0.54932	1-UpCCGSD
0.61035	1-UpCCGSD
0.30517	1-UpCCGSD
0.30518	1-UpCCGSD
-0.12207	1-UpCCGSD
0.06104	1-UpCCGSD
0	1-UpCCGSD
0.06103	1-UpCCGSD
-0.06103	1-UpCCGSD
0.12208	1-UpCCGSD
0.30518	1-UpCCGSD
0.42724	1-UpCCGSD
0.12207	1-UpCCGSD
0.30517	1-UpCCGSD
-1.40381	1-UpCCGSD
0.06104	1-UpCCGSD
1.34277	1-UpCCGSD
-1.52588	1-UpCCGSD
0.61035	1-UpCCGSD
2.01416	1-UpCCGSD
0.54931	1-UpCCGSD
0.54931	1-UpCCGSD
0.24414	1-UpCCGSD
0.42725	1-UpCCGSD
0.30517	1-UpCCGSD
0.1831	1-UpCCGSD
0.30518	1-UpCCGSD
0.18311	1-UpCCGSD
0.12207	1-UpCCGSD
0.12207	1-UpCCGSD
0.1831	1-UpCCGSD
0	1-UpCCGSD
0.30518	1-UpCCGSD
0.18311	1-UpCCGSD
0.24414	1-UpCCGSD
0.24414	1-UpCCGSD
0.42724	1-UpCCGSD
-1.2207	1-UpCCGSD
1.22071	1-UpCCGSD
0.36621	1-UpCCGSD
0.61035	1-UpCCGSD
1.89209	1-UpCCGSD
1.28173	1-UpCCGSD
1.15966	1-UpCCGSD
1.15967	1-UpCCGSD
0.73242	1-UpCCGSD
0.79346	1-UpCCGSD
-0.30518	1-UpCCGSD
0.24414	1-UpCCGSD
0.12207	1-UpCCGSD
0.12208	1-UpCCGSD
0.18311	1-UpCCGSD
0.12207	1-UpCCGSD
0.06103	1-UpCCGSD
0.12207	1-UpCCGSD
0.24415	1-UpCCGSD
0.18311	1-UpCCGSD
0.1831	1-UpCCGSD
0.54932	1-UpCCGSD
0.36621	1-UpCCGSD
1.09863	1-UpCCGSD
-0.24414	1-UpCCGSD
0.91553	1-UpCCGSD
1.46484	1-UpCCGSD
0.30518	1-UpCCGSD
0.91552	1-UpCCGSD
0.54931	1-UpCCGSD
0.54931	1-UpCCGSD
0.61035	1-UpCCGSD
0.73242	1-UpCCGSD
0.24414	1-UpCCGSD
0.36621	1-UpCCGSD
0.18311	1-UpCCGSD
0.06104	1-UpCCGSD
0.06104	1-UpCCGSD
0.12207	1-UpCCGSD
0	1-UpCCGSD
0	1-UpCCGSD
0.24415	1-UpCCGSD
0.24414	1-UpCCGSD
0.12207	1-UpCCGSD
0.06104	1-UpCCGSD
0.73242	1-UpCCGSD
0.85449	1-UpCCGSD
0.97657	1-UpCCGSD
-0.61035	1-UpCCGSD
1.34277	1-UpCCGSD
-0.06103	1-UpCCGSD
1.28173	1-UpCCGSD
0.30517	1-UpCCGSD
-0.12207	1-UpCCGSD
1.28174	1-UpCCGSD
-0.61035	1-UpCCGSD
-0.06104	1-UpCCGSD
0	1-UpCCGSD
0.24414	1-UpCCGSD
0.12208	1-UpCCGSD
0.18311	1-UpCCGSD
0.18311	1-UpCCGSD
0.24414	1-UpCCGSD
0	1-UpCCGSD
0.42725	1-UpCCGSD
0.06104	1-UpCCGSD
0.1831	1-UpCCGSD
0.24414	1-UpCCGSD
0.79345	1-UpCCGSD
0	1-UpCCGSD
0.12207	1-UpCCGSD
1.09863	1-UpCCGSD
-0.97657	1-UpCCGSD
0.06104	1-UpCCGSD
0.79345	1-UpCCGSD
1.89209	1-UpCCGSD
-1.15967	1-UpCCGSD
0.1831	1-UpCCGSD
0.91553	1-UpCCGSD
0.54931	1-UpCCGSD
-0.12207	1-UpCCGSD
0.30518	1-UpCCGSD
0.12208	1-UpCCGSD
0.06104	1-UpCCGSD
0.06104	1-UpCCGSD
0	1-UpCCGSD
0.18311	1-UpCCGSD
0.18311	1-UpCCGSD
0.06104	1-UpCCGSD
0.42724	1-UpCCGSD
0.61035	1-UpCCGSD
-0.30518	1-UpCCGSD
0.42724	1-UpCCGSD
0.18311	1-UpCCGSD
0.61035	1-UpCCGSD
1.70898	1-UpCCGSD
1.64795	1-UpCCGSD
1.15966	1-UpCCGSD
1.28173	1-UpCCGSD
0.91553	1-UpCCGSD
-1.34277	1-UpCCGSD
0.54932	1-UpCCGSD
-0.06104	1-UpCCGSD
0.06103	1-UpCCGSD
0.24414	1-UpCCGSD
0.18311	1-UpCCGSD
0.12207	1-UpCCGSD
0.06104	1-UpCCGSD
0.12207	1-UpCCGSD
0.06104	1-UpCCGSD
0.24415	1-UpCCGSD
-0.06103	1-UpCCGSD
0.12207	1-UpCCGSD
0.67139	1-UpCCGSD
1.09863	1-UpCCGSD
-0.97656	1-UpCCGSD
-1.09863	1-UpCCGSD
1.0376	1-UpCCGSD
0.42724	1-UpCCGSD
0.97656	1-UpCCGSD
1.40381	1-UpCCGSD
0.48828	1-UpCCGSD
-1.09863	1-UpCCGSD
0.42724	1-UpCCGSD
0.67139	1-UpCCGSD
0.06103	1-UpCCGSD
0.24414	1-UpCCGSD
0.30518	1-UpCCGSD
0.12208	1-UpCCGSD
0.06104	1-UpCCGSD
0.18311	1-UpCCGSD
0	1-UpCCGSD
0.06104	1-UpCCGSD
0.24415	1-UpCCGSD
0.24414	1-UpCCGSD
0.42724	1-UpCCGSD
0.48828	1-UpCCGSD
-0.54932	1-UpCCGSD
-0.12207	1-UpCCGSD
-0.36621	1-UpCCGSD
-0.48828	1-UpCCGSD
1.58691	1-UpCCGSD
1.40381	1-UpCCGSD
-0.36621	1-UpCCGSD
1.34277	1-UpCCGSD
0.48828	1-UpCCGSD
0.30517	1-UpCCGSD
0.48828	1-UpCCGSD
0.42724	1-UpCCGSD
-0.18311	1-UpCCGSD
0.18311	1-UpCCGSD
0.30518	1-UpCCGSD
0.12207	1-UpCCGSD
0.06104	1-UpCCGSD
0.06103	1-UpCCGSD
0.12207	1-UpCCGSD
0.24415	1-UpCCGSD
0.18311	1-UpCCGSD
0.36621	1-UpCCGSD
0.73242	1-UpCCGSD
0.36621	1-UpCCGSD
0.61035	1-UpCCGSD
-0.79345	1-UpCCGSD
1.09863	1-UpCCGSD
0.48828	1-UpCCGSD
0.85449	1-UpCCGSD
-0.79346	1-UpCCGSD
1.46484	1-UpCCGSD
0.97656	1-UpCCGSD
0.36621	1-UpCCGSD
0.42725	1-UpCCGSD
0.30517	1-UpCCGSD
0.30517	1-UpCCGSD
0.24414	1-UpCCGSD
0.18311	1-UpCCGSD
0.12207	1-UpCCGSD
0.12207	1-UpCCGSD
0	1-UpCCGSD
0.18311	1-UpCCGSD
0.18311	1-UpCCGSD
0.18311	1-UpCCGSD
0.12207	1-UpCCGSD
0.61035	1-UpCCGSD
0.61035	1-UpCCGSD
0	1-UpCCGSD
-0.24414	1-UpCCGSD
0.24414	1-UpCCGSD
0.30517	1-UpCCGSD
1.70898	1-UpCCGSD
0.24414	1-UpCCGSD
2.07519	1-UpCCGSD
-0.06104	1-UpCCGSD
-0.91553	1-UpCCGSD
0.36621	1-UpCCGSD
-0.18311	1-UpCCGSD
0.24414	1-UpCCGSD
0.24414	1-UpCCGSD
0.24415	1-UpCCGSD
0.06104	1-UpCCGSD
0.30518	1-UpCCGSD
0.06103	1-UpCCGSD
0	1-UpCCGSD
-0.06103	1-UpCCGSD
0.12207	1-UpCCGSD
0.12207	1-UpCCGSD
0.12207	1-UpCCGSD
0.24414	1-UpCCGSD
0.30517	1-UpCCGSD
0.42725	1-UpCCGSD
0.67139	1-UpCCGSD
2.13623	1-UpCCGSD
0.18311	1-UpCCGSD
0.42724	1-UpCCGSD
1.09863	1-UpCCGSD
-0.36621	1-UpCCGSD
0.61035	1-UpCCGSD
0	1-UpCCGSD
0	1-UpCCGSD
0.12207	1-UpCCGSD
0.06104	1-UpCCGSD
-0.06103	1-UpCCGSD
0	1-UpCCGSD
0.18311	1-UpCCGSD
0.06103	1-UpCCGSD
0.12207	1-UpCCGSD
0	1-UpCCGSD
0.06104	1-UpCCGSD
0.06103	1-UpCCGSD
0.67139	1-UpCCGSD
0.61035	1-UpCCGSD
-0.54932	1-UpCCGSD
-1.77002	1-UpCCGSD
1.09863	1-UpCCGSD
0.06103	1-UpCCGSD
1.2207	1-UpCCGSD
1.15966	1-UpCCGSD
-0.30518	1-UpCCGSD
0.79345	1-UpCCGSD
0.42724	1-UpCCGSD
0.79346	1-UpCCGSD
-0.36621	1-UpCCGSD
0.24414	1-UpCCGSD
0.24414	1-UpCCGSD
0.18311	1-UpCCGSD
0.18311	1-UpCCGSD
0.12207	1-UpCCGSD
0.12207	1-UpCCGSD
0	1-UpCCGSD
0.18311	1-UpCCGSD
0	1-UpCCGSD
0.30517	1-UpCCGSD
0.91553	1-UpCCGSD
0.12207	1-UpCCGSD
-0.24414	1-UpCCGSD
0.73242	1-UpCCGSD
0.79346	1-UpCCGSD
-1.89209	1-UpCCGSD
-0.18311	1-UpCCGSD
0.79345	1-UpCCGSD
0.30517	1-UpCCGSD
1.28174	1-UpCCGSD
0.67139	1-UpCCGSD
0.91553	1-UpCCGSD
0.36621	1-UpCCGSD
0	1-UpCCGSD
0.24414	1-UpCCGSD
0.12208	1-UpCCGSD
0.24414	1-UpCCGSD
0.12207	1-UpCCGSD
0.06103	1-UpCCGSD
0.12207	1-UpCCGSD
0.12208	1-UpCCGSD
0.24414	1-UpCCGSD
0.30517	1-UpCCGSD
0.67139	1-UpCCGSD
0.91552	1-UpCCGSD
-0.12207	1-UpCCGSD
1.09864	1-UpCCGSD
0.79346	1-UpCCGSD
0.30517	1-UpCCGSD
0.42725	1-UpCCGSD
0.48828	1-UpCCGSD
0.06103	1-UpCCGSD
0.61035	1-UpCCGSD
0.73242	1-UpCCGSD
0.36621	1-UpCCGSD
0.30517	1-UpCCGSD
0.06103	1-UpCCGSD
0.18311	1-UpCCGSD
0.12208	1-UpCCGSD
0.12207	1-UpCCGSD
0.06104	1-UpCCGSD
-0.06104	1-UpCCGSD
0	1-UpCCGSD
0.30518	1-UpCCGSD
0.36621	1-UpCCGSD
0.12207	1-UpCCGSD
0.48828	1-UpCCGSD
0.36621	1-UpCCGSD
0	1-UpCCGSD
-0.30517	1-UpCCGSD
1.0376	1-UpCCGSD
-0.97657	1-UpCCGSD
0.61035	1-UpCCGSD
0.73242	1-UpCCGSD
0.79345	1-UpCCGSD
0.97656	1-UpCCGSD
0.30517	1-UpCCGSD
0.73242	1-UpCCGSD
-0.18311	1-UpCCGSD
0.36621	1-UpCCGSD
0.18311	1-UpCCGSD
0.18311	1-UpCCGSD
0.18311	1-UpCCGSD
0.12207	1-UpCCGSD
0.12207	1-UpCCGSD
0.06104	1-UpCCGSD
0.24415	1-UpCCGSD
0.18311	1-UpCCGSD
0.1831	1-UpCCGSD
0.85449	1-UpCCGSD
0.67138	1-UpCCGSD
0.85449	1-UpCCGSD
0.73242	1-UpCCGSD
0.97656	1-UpCCGSD
-0.30518	1-UpCCGSD
0.12207	1-UpCCGSD
0.97656	1-UpCCGSD
0.61035	1-UpCCGSD
0.79345	1-UpCCGSD
-0.12207	1-UpCCGSD
0.61035	1-UpCCGSD
-0.06104	1-UpCCGSD
-0.12207	1-UpCCGSD
0	1-UpCCGSD
0.12208	1-UpCCGSD
0.12207	1-UpCCGSD
0.12207	1-UpCCGSD
-0.06104	1-UpCCGSD
0.12207	1-UpCCGSD
0.12208	1-UpCCGSD
0.06104	1-UpCCGSD
0.12207	1-UpCCGSD
0.61035	1-UpCCGSD
0.54931	1-UpCCGSD
0.48828	1-UpCCGSD
0.24414	1-UpCCGSD
0	1-UpCCGSD
0.85449	1-UpCCGSD
1.58691	1-UpCCGSD
0.12207	1-UpCCGSD
1.89209	1-UpCCGSD
-1.77002	1-UpCCGSD
0.67139	1-UpCCGSD
0.12207	1-UpCCGSD
-0.24414	1-UpCCGSD
0	1-UpCCGSD
0.18311	1-UpCCGSD
0.12208	1-UpCCGSD
0.12207	1-UpCCGSD
0.06104	1-UpCCGSD
0.06103	1-UpCCGSD
0.12207	1-UpCCGSD
0.18311	1-UpCCGSD
0.06104	1-UpCCGSD
0.06103	1-UpCCGSD
0.48828	1-UpCCGSD
0.30517	1-UpCCGSD
1.09863	1-UpCCGSD
0.67139	1-UpCCGSD
1.28174	1-UpCCGSD
0.91552	1-UpCCGSD
1.2207	1-UpCCGSD
0.24414	1-UpCCGSD
0.54931	1-UpCCGSD
0.36621	1-UpCCGSD
1.0376	1-UpCCGSD
0.12207	1-UpCCGSD
0.54931	1-UpCCGSD
0.54932	1-UpCCGSD
0.18311	1-UpCCGSD
0.24415	1-UpCCGSD
0.06104	1-UpCCGSD
0	1-UpCCGSD
0.12207	1-UpCCGSD
0.24414	1-UpCCGSD
0.30518	1-UpCCGSD
0.06104	1-UpCCGSD
0.24414	1-UpCCGSD
0.79346	1-UpCCGSD
0.67138	1-UpCCGSD
0.48828	1-UpCCGSD
-0.12207	1-UpCCGSD
-0.36621	1-UpCCGSD
0.48828	1-UpCCGSD
0.97656	1-UpCCGSD
1.09863	1-UpCCGSD
0.48828	1-UpCCGSD
0.79345	1-UpCCGSD
0.42724	1-UpCCGSD
1.09864	1-UpCCGSD
0.48828	1-UpCCGSD
0	1-UpCCGSD
0.42725	1-UpCCGSD
0.12208	1-UpCCGSD
0.24414	1-UpCCGSD
0.12207	1-UpCCGSD
-0.06104	1-UpCCGSD
0.18311	1-UpCCGSD
0.30518	1-UpCCGSD
0.54932	1-UpCCGSD
-0.12207	1-UpCCGSD
-0.06103	1-UpCCGSD
0.67138	1-UpCCGSD
0.36621	1-UpCCGSD
-0.91552	1-UpCCGSD
1.09863	1-UpCCGSD
1.28173	1-UpCCGSD
0.30518	1-UpCCGSD
0.24414	1-UpCCGSD
-0.12207	1-UpCCGSD
0.61035	1-UpCCGSD
-0.85449	1-UpCCGSD
0.61035	1-UpCCGSD
-0.18311	1-UpCCGSD
0.30517	1-UpCCGSD
0.18311	1-UpCCGSD
0.24415	1-UpCCGSD
0.06104	1-UpCCGSD
0	1-UpCCGSD
0.06103	2-UpCCGSD
0.1831	2-UpCCGSD
0.30518	2-UpCCGSD
-0.18311	2-UpCCGSD
0.12207	2-UpCCGSD
0.36621	2-UpCCGSD
-0.42724	2-UpCCGSD
1.0376	2-UpCCGSD
1.15967	2-UpCCGSD
1.15967	2-UpCCGSD
1.34277	2-UpCCGSD
1.89209	2-UpCCGSD
1.52588	2-UpCCGSD
1.2207	2-UpCCGSD
0.54932	2-UpCCGSD
1.09864	2-UpCCGSD
0.54932	2-UpCCGSD
0.12207	2-UpCCGSD
0.24414	2-UpCCGSD
0.1831	2-UpCCGSD
0.12207	2-UpCCGSD
0.18311	2-UpCCGSD
0	2-UpCCGSD
0.1831	2-UpCCGSD
0	2-UpCCGSD
0.18311	2-UpCCGSD
0.06103	2-UpCCGSD
0.06103	2-UpCCGSD
0.12207	2-UpCCGSD
0.24414	2-UpCCGSD
0.91553	2-UpCCGSD
0.91553	2-UpCCGSD
1.77002	2-UpCCGSD
1.09863	2-UpCCGSD
0.73242	2-UpCCGSD
1.83106	2-UpCCGSD
0.79345	2-UpCCGSD
1.15967	2-UpCCGSD
0.30518	2-UpCCGSD
1.09864	2-UpCCGSD
0.36621	2-UpCCGSD
0.30517	2-UpCCGSD
0.30517	2-UpCCGSD
0.18311	2-UpCCGSD
0.30518	2-UpCCGSD
0.06103	2-UpCCGSD
0.06103	2-UpCCGSD
0.1831	2-UpCCGSD
0.42725	2-UpCCGSD
0.1831	2-UpCCGSD
0	2-UpCCGSD
0.36621	2-UpCCGSD
-0.54931	2-UpCCGSD
-0.73242	2-UpCCGSD
-1.0376	2-UpCCGSD
0.48828	2-UpCCGSD
1.52588	2-UpCCGSD
1.83105	2-UpCCGSD
1.09863	2-UpCCGSD
0.1831	2-UpCCGSD
1.0376	2-UpCCGSD
0.30518	2-UpCCGSD
0.97656	2-UpCCGSD
0.24414	2-UpCCGSD
-0.12207	2-UpCCGSD
0.12207	2-UpCCGSD
0.12207	2-UpCCGSD
0.24414	2-UpCCGSD
0.06103	2-UpCCGSD
0.12207	2-UpCCGSD
0.1831	2-UpCCGSD
0.12207	2-UpCCGSD
0.12207	2-UpCCGSD
0.30517	2-UpCCGSD
0.48828	2-UpCCGSD
0.54932	2-UpCCGSD
0.73243	2-UpCCGSD
0.91553	2-UpCCGSD
0.79346	2-UpCCGSD
2.31933	2-UpCCGSD
2.13623	2-UpCCGSD
1.58692	2-UpCCGSD
1.2207	2-UpCCGSD
0.06104	2-UpCCGSD
0.42725	2-UpCCGSD
-0.48828	2-UpCCGSD
0.06103	2-UpCCGSD
0.12207	2-UpCCGSD
0.06103	2-UpCCGSD
0.06104	2-UpCCGSD
0.24414	2-UpCCGSD
0.06103	2-UpCCGSD
0.24414	2-UpCCGSD
0.06103	2-UpCCGSD
0.30518	2-UpCCGSD
0.24414	2-UpCCGSD
0.36621	2-UpCCGSD
-0.06103	2-UpCCGSD
0.61035	2-UpCCGSD
0.36621	2-UpCCGSD
0.30517	2-UpCCGSD
0.91553	2-UpCCGSD
1.34277	2-UpCCGSD
0.85449	2-UpCCGSD
1.28174	2-UpCCGSD
1.70898	2-UpCCGSD
0.61035	2-UpCCGSD
-1.64795	2-UpCCGSD
0.48828	2-UpCCGSD
0.61035	2-UpCCGSD
0.42724	2-UpCCGSD
0.12207	2-UpCCGSD
0.06104	2-UpCCGSD
0.18311	2-UpCCGSD
0.06103	2-UpCCGSD
0.12207	2-UpCCGSD
0.30517	2-UpCCGSD
0.36621	2-UpCCGSD
-0.12207	2-UpCCGSD
0.48828	2-UpCCGSD
0.48828	2-UpCCGSD
0.73242	2-UpCCGSD
0.12207	2-UpCCGSD
-0.12207	2-UpCCGSD
1.77002	2-UpCCGSD
2.13623	2-UpCCGSD
1.70898	2-UpCCGSD
1.34278	2-UpCCGSD
0.12207	2-UpCCGSD
1.64795	2-UpCCGSD
0.61036	2-UpCCGSD
0	2-UpCCGSD
0.36621	2-UpCCGSD
0.12207	2-UpCCGSD
0.1831	2-UpCCGSD
0.18311	2-UpCCGSD
0.30518	2-UpCCGSD
0.06103	2-UpCCGSD
0.24414	2-UpCCGSD
0.1831	2-UpCCGSD
0.18311	2-UpCCGSD
0	2-UpCCGSD
0.12207	2-UpCCGSD
0.18311	2-UpCCGSD
0.30518	2-UpCCGSD
0.12207	2-UpCCGSD
-0.54932	2-UpCCGSD
-0.85449	2-UpCCGSD
1.58691	2-UpCCGSD
1.64794	2-UpCCGSD
0.97656	2-UpCCGSD
1.15966	2-UpCCGSD
0.85449	2-UpCCGSD
1.22071	2-UpCCGSD
0.12207	2-UpCCGSD
0.30517	2-UpCCGSD
0.42724	2-UpCCGSD
0.06103	2-UpCCGSD
0.12207	2-UpCCGSD
0.18311	2-UpCCGSD
0.12207	2-UpCCGSD
0.1831	2-UpCCGSD
0.1831	2-UpCCGSD
0.30518	2-UpCCGSD
-0.06104	2-UpCCGSD
0.24414	2-UpCCGSD
0.67139	2-UpCCGSD
0.18311	2-UpCCGSD
0.91553	2-UpCCGSD
1.52588	2-UpCCGSD
1.52588	2-UpCCGSD
1.28173	2-UpCCGSD
1.09863	2-UpCCGSD
0.79346	2-UpCCGSD
1.34277	2-UpCCGSD
-0.1831	2-UpCCGSD
0.97657	2-UpCCGSD
0.67139	2-UpCCGSD
0.54931	2-UpCCGSD
0.36621	2-UpCCGSD
0.06103	2-UpCCGSD
0.06104	2-UpCCGSD
0.18311	2-UpCCGSD
0.06103	2-UpCCGSD
0.12207	2-UpCCGSD
0.24414	2-UpCCGSD
0.30518	2-UpCCGSD
0.1831	2-UpCCGSD
-0.12207	2-UpCCGSD
0.18311	2-UpCCGSD
0.30518	2-UpCCGSD
1.22071	2-UpCCGSD
0.97656	2-UpCCGSD
-0.48828	2-UpCCGSD
1.34277	2-UpCCGSD
-0.12208	2-UpCCGSD
2.01416	2-UpCCGSD
0.85449	2-UpCCGSD
1.46485	2-UpCCGSD
0.42725	2-UpCCGSD
0.06104	2-UpCCGSD
0.1831	2-UpCCGSD
0.36621	2-UpCCGSD
0.1831	2-UpCCGSD
0.12207	2-UpCCGSD
0.12207	2-UpCCGSD
0	2-UpCCGSD
0.06103	2-UpCCGSD
0.06103	2-UpCCGSD
0.18311	2-UpCCGSD
0.1831	2-UpCCGSD
0.54932	2-UpCCGSD
0.12207	2-UpCCGSD
0.48828	2-UpCCGSD
0.48829	2-UpCCGSD
0.12207	2-UpCCGSD
1.52588	2-UpCCGSD
2.62451	2-UpCCGSD
1.70898	2-UpCCGSD
1.83106	2-UpCCGSD
1.52587	2-UpCCGSD
0.91553	2-UpCCGSD
0.42725	2-UpCCGSD
-0.42724	2-UpCCGSD
0.24414	2-UpCCGSD
0.24414	2-UpCCGSD
0.42724	2-UpCCGSD
0.12207	2-UpCCGSD
0.24414	2-UpCCGSD
0.12207	2-UpCCGSD
0.12207	2-UpCCGSD
0.12207	2-UpCCGSD
0.18311	2-UpCCGSD
-0.12207	2-UpCCGSD
0.30517	2-UpCCGSD
0.36621	2-UpCCGSD
0.67139	2-UpCCGSD
0.54932	2-UpCCGSD
0.61035	2-UpCCGSD
0.79346	2-UpCCGSD
0.54931	2-UpCCGSD
2.07519	2-UpCCGSD
1.2207	2-UpCCGSD
0.06103	2-UpCCGSD
0.73242	2-UpCCGSD
0.97657	2-UpCCGSD
0.67139	2-UpCCGSD
0	2-UpCCGSD
0.06103	2-UpCCGSD
0	2-UpCCGSD
0.12207	2-UpCCGSD
0.18311	2-UpCCGSD
0	2-UpCCGSD
0.12207	2-UpCCGSD
0.24414	2-UpCCGSD
0.12207	2-UpCCGSD
0.06103	2-UpCCGSD
0.1831	2-UpCCGSD
0.54932	2-UpCCGSD
0.24414	2-UpCCGSD
0.97657	2-UpCCGSD
-1.34278	2-UpCCGSD
1.58691	2-UpCCGSD
0.79345	2-UpCCGSD
1.46484	2-UpCCGSD
2.01416	2-UpCCGSD
2.13623	2-UpCCGSD
0.97657	2-UpCCGSD
0.48829	2-UpCCGSD
0.54932	2-UpCCGSD
0.30517	2-UpCCGSD
0.36621	2-UpCCGSD
0.24414	2-UpCCGSD
0.18311	2-UpCCGSD
0.24414	2-UpCCGSD
0.06103	2-UpCCGSD
0.12207	2-UpCCGSD
-0.06104	2-UpCCGSD
0.18311	2-UpCCGSD
0.06103	2-UpCCGSD
0.1831	2-UpCCGSD
0.91553	2-UpCCGSD
0.61035	2-UpCCGSD
0.97657	2-UpCCGSD
0.61035	2-UpCCGSD
0.91553	2-UpCCGSD
1.40381	2-UpCCGSD
1.03759	2-UpCCGSD
0.73242	2-UpCCGSD
1.2207	2-UpCCGSD
0.73242	2-UpCCGSD
0.18311	2-UpCCGSD
1.0376	2-UpCCGSD
0.67138	2-UpCCGSD
0.12207	2-UpCCGSD
0.12207	2-UpCCGSD
0.06104	2-UpCCGSD
0.12207	2-UpCCGSD
0.1831	2-UpCCGSD
0.06103	2-UpCCGSD
0.24414	2-UpCCGSD
0.12207	2-UpCCGSD
0.36621	2-UpCCGSD
0.24414	2-UpCCGSD
0.30518	2-UpCCGSD
0.42725	2-UpCCGSD
0.61036	2-UpCCGSD
1.34277	2-UpCCGSD
1.0376	2-UpCCGSD
1.77002	2-UpCCGSD
1.46484	2-UpCCGSD
0.67139	2-UpCCGSD
1.28173	2-UpCCGSD
0.12207	2-UpCCGSD
0.97657	2-UpCCGSD
0.67139	2-UpCCGSD
0.42724	2-UpCCGSD
0.06103	2-UpCCGSD
0.24414	2-UpCCGSD
0.12207	2-UpCCGSD
0.12207	2-UpCCGSD
0.1831	2-UpCCGSD
0.06103	2-UpCCGSD
0.24414	2-UpCCGSD
0.06104	2-UpCCGSD
-0.06104	2-UpCCGSD
0.24414	2-UpCCGSD
0.12207	2-UpCCGSD
-0.67138	2-UpCCGSD
-0.85449	2-UpCCGSD
0.24414	2-UpCCGSD
1.34277	2-UpCCGSD
0.79345	2-UpCCGSD
1.2207	2-UpCCGSD
1.34278	2-UpCCGSD
1.09863	2-UpCCGSD
0.36621	2-UpCCGSD
-0.06103	2-UpCCGSD
-0.85449	2-UpCCGSD
-0.06104	2-UpCCGSD
0.48828	2-UpCCGSD
0.1831	2-UpCCGSD
0.06104	2-UpCCGSD
0.06104	2-UpCCGSD
0.06103	2-UpCCGSD
0.1831	2-UpCCGSD
0.24414	2-UpCCGSD
0.18311	2-UpCCGSD
0.06103	2-UpCCGSD
0.1831	2-UpCCGSD
0.24414	2-UpCCGSD
0.67139	2-UpCCGSD
-1.46484	2-UpCCGSD
1.46484	2-UpCCGSD
0.61035	2-UpCCGSD
0.85449	2-UpCCGSD
1.03759	2-UpCCGSD
1.70899	2-UpCCGSD
0.97656	2-UpCCGSD
0.06104	2-UpCCGSD
0.79346	2-UpCCGSD
0.73242	2-UpCCGSD
0.06103	2-UpCCGSD
0.42724	2-UpCCGSD
0.12207	2-UpCCGSD
0.24414	2-UpCCGSD
0.12207	2-UpCCGSD
0.12207	2-UpCCGSD
0	2-UpCCGSD
0.06103	2-UpCCGSD
0.12207	2-UpCCGSD
0	2-UpCCGSD
0.24414	2-UpCCGSD
0.24414	2-UpCCGSD
0.61035	2-UpCCGSD
0.61036	2-UpCCGSD
0.12207	2-UpCCGSD
1.2207	2-UpCCGSD
1.09863	2-UpCCGSD
0.79345	2-UpCCGSD
1.40381	2-UpCCGSD
1.09863	2-UpCCGSD
0.18311	2-UpCCGSD
-1.4038	2-UpCCGSD
0.48828	2-UpCCGSD
0.54931	2-UpCCGSD
0.1831	2-UpCCGSD
0.1831	2-UpCCGSD
0.18311	2-UpCCGSD
0.18311	2-UpCCGSD
0.06103	2-UpCCGSD
0.12207	2-UpCCGSD
0.24414	2-UpCCGSD
0.18311	2-UpCCGSD
0	2-UpCCGSD
0.54932	2-UpCCGSD
0.06104	2-UpCCGSD
0.48828	2-UpCCGSD
0.30518	2-UpCCGSD
1.15967	2-UpCCGSD
0.24414	2-UpCCGSD
1.09863	2-UpCCGSD
1.2207	2-UpCCGSD
2.19727	2-UpCCGSD
0.36621	2-UpCCGSD
-0.1831	2-UpCCGSD
1.09864	2-UpCCGSD
0.61035	2-UpCCGSD
0.48828	2-UpCCGSD
0.48828	2-UpCCGSD
0.1831	2-UpCCGSD
0.12207	2-UpCCGSD
0.18311	2-UpCCGSD
0.06103	2-UpCCGSD
0.06103	2-UpCCGSD
0.1831	2-UpCCGSD
0.24414	2-UpCCGSD
0	2-UpCCGSD
0.36621	2-UpCCGSD
0.54932	2-UpCCGSD
0.67139	2-UpCCGSD
-0.67138	2-UpCCGSD
1.0376	2-UpCCGSD
0.48828	2-UpCCGSD
1.58691	2-UpCCGSD
1.83105	2-UpCCGSD
1.77002	2-UpCCGSD
1.28173	2-UpCCGSD
-1.2207	2-UpCCGSD
-1.09863	2-UpCCGSD
0.48828	2-UpCCGSD
0.06103	2-UpCCGSD
0.06103	2-UpCCGSD
0.36621	2-UpCCGSD
0.54932	2-UpCCGSD
0.06104	2-UpCCGSD
0.24414	2-UpCCGSD
0	2-UpCCGSD
0.1831	2-UpCCGSD
0.12207	2-UpCCGSD
-0.12207	2-UpCCGSD
0.1831	2-UpCCGSD
0.67139	2-UpCCGSD
-0.67138	2-UpCCGSD
-0.48828	2-UpCCGSD
0.85449	2-UpCCGSD
1.0376	2-UpCCGSD
1.58691	2-UpCCGSD
1.28173	2-UpCCGSD
1.09863	2-UpCCGSD
1.83105	2-UpCCGSD
0.97657	2-UpCCGSD
1.09864	2-UpCCGSD
0.30518	2-UpCCGSD
0.1831	2-UpCCGSD
0.12207	2-UpCCGSD
0.42724	2-UpCCGSD
-0.18311	2-UpCCGSD
0.12207	2-UpCCGSD
0	2-UpCCGSD
0.12207	2-UpCCGSD
0.1831	2-UpCCGSD
0.24414	2-UpCCGSD
0.12207	2-UpCCGSD
0.06103	2-UpCCGSD
0.18311	2-UpCCGSD
-0.30517	2-UpCCGSD
0.54932	2-UpCCGSD
0.36621	2-UpCCGSD
0.91553	2-UpCCGSD
1.95312	2-UpCCGSD
0.85449	2-UpCCGSD
1.28174	2-UpCCGSD
1.2207	2-UpCCGSD
0.97657	2-UpCCGSD
-0.91552	2-UpCCGSD
0.67139	2-UpCCGSD
0.36621	2-UpCCGSD
0.12207	2-UpCCGSD
0.12207	2-UpCCGSD
0.18311	2-UpCCGSD
0.18311	2-UpCCGSD
0.1831	2-UpCCGSD
0.1831	2-UpCCGSD
0.12207	2-UpCCGSD
0.12207	2-UpCCGSD
-0.12207	2-UpCCGSD
0.1831	2-UpCCGSD
-0.06103	2-UpCCGSD
0.73242	2-UpCCGSD
0.06104	2-UpCCGSD
0.85449	2-UpCCGSD
1.2207	2-UpCCGSD
2.19726	2-UpCCGSD
0.79345	2-UpCCGSD
0.79346	2-UpCCGSD
1.09863	2-UpCCGSD
0	2-UpCCGSD
0.24414	2-UpCCGSD
-0.30517	2-UpCCGSD
0.48828	2-UpCCGSD
0.06103	2-UpCCGSD
0.30517	2-UpCCGSD
0.24414	2-UpCCGSD
0.12207	2-UpCCGSD
0.06103	2-UpCCGSD
0.06103	2-UpCCGSD
0.36621	2-UpCCGSD
0.06104	2-UpCCGSD
0	2-UpCCGSD
0.42724	2-UpCCGSD
0.42725	2-UpCCGSD
1.34278	2-UpCCGSD
0.12207	2-UpCCGSD
1.40381	2-UpCCGSD
2.68555	2-UpCCGSD
1.03759	2-UpCCGSD
2.31933	2-UpCCGSD
0.97656	2-UpCCGSD
1.4038	2-UpCCGSD
0.97657	2-UpCCGSD
-0.48828	2-UpCCGSD
0.24414	2-UpCCGSD
0.61035	2-UpCCGSD
0	2-UpCCGSD
0.12207	2-UpCCGSD
0.06104	2-UpCCGSD
0.06104	2-UpCCGSD
0.06103	2-UpCCGSD
0.12207	2-UpCCGSD
0.12207	2-UpCCGSD
0.24414	2-UpCCGSD
-0.06104	2-UpCCGSD
0.1831	2-UpCCGSD
0.42725	2-UpCCGSD
0.54932	2-UpCCGSD
0.54932	2-UpCCGSD
1.0376	2-UpCCGSD
0.85449	2-UpCCGSD
0.85449	2-UpCCGSD
0.91552	2-UpCCGSD
1.46485	2-UpCCGSD
0.85449	2-UpCCGSD
1.0376	2-UpCCGSD
0.8545	2-UpCCGSD
0.36621	2-UpCCGSD
0.42724	2-UpCCGSD
0.24414	2-UpCCGSD
0.24414	2-UpCCGSD
0.24414	2-UpCCGSD
0.18311	2-UpCCGSD
-0.06104	2-UpCCGSD
0.12207	2-UpCCGSD
0.1831	2-UpCCGSD
0.42725	2-UpCCGSD
0.24414	2-UpCCGSD
0.67139	2-UpCCGSD
0.79346	2-UpCCGSD
0.42725	2-UpCCGSD
0.24414	2-UpCCGSD
0.91553	2-UpCCGSD
1.89209	2-UpCCGSD
1.09863	2-UpCCGSD
1.83105	2-UpCCGSD
1.28174	2-UpCCGSD
0.73242	2-UpCCGSD
0.36621	2-UpCCGSD
0.61036	2-UpCCGSD
0.18311	2-UpCCGSD
0.1831	2-UpCCGSD
0.06103	2-UpCCGSD
0.12207	2-UpCCGSD
0.06104	2-UpCCGSD
0.18311	2-UpCCGSD
0.06103	2-UpCCGSD
0.12207	2-UpCCGSD
0.12207	2-UpCCGSD
0.18311	2-UpCCGSD
0.12207	2-UpCCGSD
0.24414	2-UpCCGSD
-0.1831	2-UpCCGSD
-0.30517	2-UpCCGSD
0.91553	2-UpCCGSD
0.67138	2-UpCCGSD
1.09863	2-UpCCGSD
1.03759	2-UpCCGSD
2.2583	2-UpCCGSD
0.61035	2-UpCCGSD
0.61035	2-UpCCGSD
1.34278	2-UpCCGSD
-0.73242	2-UpCCGSD
-0.85449	2-UpCCGSD
0.67138	2-UpCCGSD
0.06103	2-UpCCGSD
-0.06104	2-UpCCGSD
0.06104	2-UpCCGSD
0.12207	2-UpCCGSD
0.12207	2-UpCCGSD
0.12207	2-UpCCGSD
0.1831	2-UpCCGSD
0.48828	2-UpCCGSD
0.24414	2-UpCCGSD
0	2-UpCCGSD
-0.06103	2-UpCCGSD
0.48828	2-UpCCGSD
0.18311	2-UpCCGSD
0.73242	2-UpCCGSD
1.2207	2-UpCCGSD
1.58691	2-UpCCGSD
1.09863	2-UpCCGSD
0.85449	2-UpCCGSD
1.09863	2-UpCCGSD
1.46485	2-UpCCGSD
0.67139	2-UpCCGSD
0.79346	2-UpCCGSD
0.54931	2-UpCCGSD
0.12207	2-UpCCGSD
0.12207	2-UpCCGSD
0.18311	2-UpCCGSD
0.12207	2-UpCCGSD
0.06103	2-UpCCGSD
0.12207	2-UpCCGSD
0.1831	2-UpCCGSD
0.12207	2-UpCCGSD
0.06103	2-UpCCGSD
0.06103	2-UpCCGSD
0.06104	2-UpCCGSD
0.18311	2-UpCCGSD
0.67139	2-UpCCGSD
0.1831	2-UpCCGSD
1.28174	2-UpCCGSD
1.03759	2-UpCCGSD
0.12207	2-UpCCGSD
1.15967	2-UpCCGSD
1.89209	2-UpCCGSD
1.46485	2-UpCCGSD
0.42725	2-UpCCGSD
0.36621	2-UpCCGSD
0.24414	2-UpCCGSD
0.42724	2-UpCCGSD
0.1831	2-UpCCGSD
0.18311	2-UpCCGSD
0.18311	2-UpCCGSD
0	2-UpCCGSD
0.12207	2-UpCCGSD
0.1831	2-UpCCGSD
0.24414	2-UpCCGSD
0.24414	2-UpCCGSD
0.06103	2-UpCCGSD
0.06104	2-UpCCGSD
-0.42724	2-UpCCGSD
0.24414	2-UpCCGSD
0.61035	2-UpCCGSD
1.34277	2-UpCCGSD
1.70898	2-UpCCGSD
1.46484	2-UpCCGSD
0.91553	2-UpCCGSD
1.4038	2-UpCCGSD
0.24414	2-UpCCGSD
0.67139	2-UpCCGSD
0.79346	2-UpCCGSD
0.12207	2-UpCCGSD
0.48828	2-UpCCGSD
0.30517	2-UpCCGSD
0.12207	2-UpCCGSD
0.24414	2-UpCCGSD
0.06103	2-UpCCGSD
0.24414	2-UpCCGSD
0.30517	2-UpCCGSD
0.36621	2-UpCCGSD
0.12207	2-UpCCGSD
0	2-UpCCGSD
0.18311	2-UpCCGSD
0.61035	2-UpCCGSD
0.73243	2-UpCCGSD
1.46484	2-UpCCGSD
1.34277	2-UpCCGSD
1.28173	2-UpCCGSD
0.85449	2-UpCCGSD
2.01416	2-UpCCGSD
1.58691	2-UpCCGSD
0.91553	2-UpCCGSD
0.48829	2-UpCCGSD
0.73242	2-UpCCGSD
0.42724	2-UpCCGSD
-0.12207	2-UpCCGSD
0.1831	2-UpCCGSD
0.18311	2-UpCCGSD
0.36621	2-UpCCGSD
0.06103	2-UpCCGSD
0.12207	2-UpCCGSD
0.12207	2-UpCCGSD
0.18311	2-UpCCGSD
0.06103	2-UpCCGSD
0.30517	2-UpCCGSD
0.61035	2-UpCCGSD
0.48828	2-UpCCGSD
-0.91552	2-UpCCGSD
1.52588	2-UpCCGSD
0.54932	2-UpCCGSD
1.58691	2-UpCCGSD
2.31933	2-UpCCGSD
1.15967	2-UpCCGSD
0.85449	2-UpCCGSD
0.97657	2-UpCCGSD
0.97657	2-UpCCGSD
1.0376	2-UpCCGSD
0.48828	2-UpCCGSD
0.48828	2-UpCCGSD
0.30517	2-UpCCGSD
0	2-UpCCGSD
0.12207	2-UpCCGSD
0	2-UpCCGSD
0.06103	2-UpCCGSD
0.06103	2-UpCCGSD
0.18311	2-UpCCGSD
0.12207	2-UpCCGSD
0.42724	2-UpCCGSD
-0.06103	2-UpCCGSD
0.61035	2-UpCCGSD
0.73243	2-UpCCGSD
0.91553	2-UpCCGSD
1.15967	2-UpCCGSD
-0.30518	2-UpCCGSD
0.85449	2-UpCCGSD
1.52588	2-UpCCGSD
0.61035	2-UpCCGSD
0.67139	2-UpCCGSD
0.30518	2-UpCCGSD
0.42725	2-UpCCGSD
0.42724	2-UpCCGSD
0.42724	2-UpCCGSD
0.30517	2-UpCCGSD
0.30518	2-UpCCGSD
0.18311	2-UpCCGSD
0	2-UpCCGSD
0.12207	3-UpCCGSD
0.12207	3-UpCCGSD
0.18311	3-UpCCGSD
0	3-UpCCGSD
-0.24414	3-UpCCGSD
0.48828	3-UpCCGSD
0.97656	3-UpCCGSD
0.73242	3-UpCCGSD
0.85449	3-UpCCGSD
1.34277	3-UpCCGSD
1.64795	3-UpCCGSD
1.0376	3-UpCCGSD
1.64795	3-UpCCGSD
1.46484	3-UpCCGSD
1.0376	3-UpCCGSD
-0.42724	3-UpCCGSD
1.0376	3-UpCCGSD
0.42724	3-UpCCGSD
0.48828	3-UpCCGSD
0.30517	3-UpCCGSD
0.12207	3-UpCCGSD
0.18311	3-UpCCGSD
0.12207	3-UpCCGSD
0.1831	3-UpCCGSD
0.24414	3-UpCCGSD
0.30518	3-UpCCGSD
0.24414	3-UpCCGSD
0	3-UpCCGSD
0.30518	3-UpCCGSD
0.97656	3-UpCCGSD
0.85449	3-UpCCGSD
0.42724	3-UpCCGSD
1.03759	3-UpCCGSD
1.40381	3-UpCCGSD
0.61035	3-UpCCGSD
2.07519	3-UpCCGSD
1.09863	3-UpCCGSD
1.09863	3-UpCCGSD
-0.67138	3-UpCCGSD
0.61035	3-UpCCGSD
0.36621	3-UpCCGSD
0	3-UpCCGSD
0.42724	3-UpCCGSD
0.30517	3-UpCCGSD
0.12207	3-UpCCGSD
0.48828	3-UpCCGSD
-0.06104	3-UpCCGSD
0.06103	3-UpCCGSD
0.12207	3-UpCCGSD
0.1831	3-UpCCGSD
0.36621	3-UpCCGSD
-0.24414	3-UpCCGSD
0.30517	3-UpCCGSD
0.85449	3-UpCCGSD
1.28174	3-UpCCGSD
1.09863	3-UpCCGSD
2.07519	3-UpCCGSD
1.40381	3-UpCCGSD
0.24414	3-UpCCGSD
0.97656	3-UpCCGSD
0.85449	3-UpCCGSD
0.79346	3-UpCCGSD
-0.67138	3-UpCCGSD
-0.36621	3-UpCCGSD
0.12207	3-UpCCGSD
0.36621	3-UpCCGSD
-0.12208	3-UpCCGSD
0.24414	3-UpCCGSD
0.18311	3-UpCCGSD
0	3-UpCCGSD
0.24414	3-UpCCGSD
0.24414	3-UpCCGSD
0.30517	3-UpCCGSD
0	3-UpCCGSD
0.30518	3-UpCCGSD
0.48828	3-UpCCGSD
0.97656	3-UpCCGSD
1.34277	3-UpCCGSD
0.61035	3-UpCCGSD
1.83105	3-UpCCGSD
1.40381	3-UpCCGSD
2.19726	3-UpCCGSD
1.40381	3-UpCCGSD
0.36621	3-UpCCGSD
-0.85449	3-UpCCGSD
0.54932	3-UpCCGSD
0.48828	3-UpCCGSD
0.30517	3-UpCCGSD
0.36621	3-UpCCGSD
0.1831	3-UpCCGSD
0.24414	3-UpCCGSD
0.24414	3-UpCCGSD
0.06103	3-UpCCGSD
0.12207	3-UpCCGSD
0.30518	3-UpCCGSD
0.12207	3-UpCCGSD
0.30517	3-UpCCGSD
0.06104	3-UpCCGSD
-0.42725	3-UpCCGSD
0.79346	3-UpCCGSD
0.06103	3-UpCCGSD
0.97656	3-UpCCGSD
1.09863	3-UpCCGSD
0.73242	3-UpCCGSD
0.48828	3-UpCCGSD
1.95313	3-UpCCGSD
0.79345	3-UpCCGSD
0.54932	3-UpCCGSD
0.42725	3-UpCCGSD
-0.06104	3-UpCCGSD
0.36621	3-UpCCGSD
0.73242	3-UpCCGSD
0	3-UpCCGSD
0.12207	3-UpCCGSD
0.06104	3-UpCCGSD
0.12207	3-UpCCGSD
0.12207	3-UpCCGSD
0.24414	3-UpCCGSD
0.12207	3-UpCCGSD
0.1831	3-UpCCGSD
0.73242	3-UpCCGSD
0.67138	3-UpCCGSD
-1.2207	3-UpCCGSD
0.73242	3-UpCCGSD
1.15966	3-UpCCGSD
1.46484	3-UpCCGSD
2.2583	3-UpCCGSD
1.64795	3-UpCCGSD
1.77002	3-UpCCGSD
0.1831	3-UpCCGSD
0.97657	3-UpCCGSD
0.12207	3-UpCCGSD
0.48828	3-UpCCGSD
0.24414	3-UpCCGSD
0.30517	3-UpCCGSD
0.1831	3-UpCCGSD
0.36621	3-UpCCGSD
0.24414	3-UpCCGSD
0.1831	3-UpCCGSD
0.30517	3-UpCCGSD
0.24414	3-UpCCGSD
0.06103	3-UpCCGSD
-0.12207	3-UpCCGSD
0.18311	3-UpCCGSD
0.12207	3-UpCCGSD
0.67139	3-UpCCGSD
0.91553	3-UpCCGSD
1.4038	3-UpCCGSD
0.97656	3-UpCCGSD
1.70898	3-UpCCGSD
2.01416	3-UpCCGSD
1.52588	3-UpCCGSD
0.97656	3-UpCCGSD
1.0376	3-UpCCGSD
-0.06103	3-UpCCGSD
-0.18311	3-UpCCGSD
-0.06104	3-UpCCGSD
0.24414	3-UpCCGSD
0.12207	3-UpCCGSD
0.18311	3-UpCCGSD
0.18311	3-UpCCGSD
0.12207	3-UpCCGSD
0.1831	3-UpCCGSD
0.24414	3-UpCCGSD
0.12207	3-UpCCGSD
-0.12207	3-UpCCGSD
0.85449	3-UpCCGSD
0.48828	3-UpCCGSD
-0.91553	3-UpCCGSD
0.91553	3-UpCCGSD
1.2207	3-UpCCGSD
0.1831	3-UpCCGSD
0.12207	3-UpCCGSD
1.2207	3-UpCCGSD
1.64795	3-UpCCGSD
-0.06104	3-UpCCGSD
0.42725	3-UpCCGSD
0.67139	3-UpCCGSD
0.24414	3-UpCCGSD
0.12207	3-UpCCGSD
0.30517	3-UpCCGSD
0.12207	3-UpCCGSD
0.30518	3-UpCCGSD
0.06104	3-UpCCGSD
0.12207	3-UpCCGSD
0.30517	3-UpCCGSD
0.18311	3-UpCCGSD
0.48828	3-UpCCGSD
0.36621	3-UpCCGSD
0.36621	3-UpCCGSD
0.67138	3-UpCCGSD
0	3-UpCCGSD
0.61035	3-UpCCGSD
0.54931	3-UpCCGSD
1.03759	3-UpCCGSD
1.70898	3-UpCCGSD
1.83105	3-UpCCGSD
1.95313	3-UpCCGSD
1.15967	3-UpCCGSD
0.54932	3-UpCCGSD
0.48828	3-UpCCGSD
0.1831	3-UpCCGSD
0.12207	3-UpCCGSD
0.30517	3-UpCCGSD
0.06103	3-UpCCGSD
0.18311	3-UpCCGSD
0.06104	3-UpCCGSD
0.24414	3-UpCCGSD
0.1831	3-UpCCGSD
0.18311	3-UpCCGSD
0.30517	3-UpCCGSD
0.36621	3-UpCCGSD
0.42725	3-UpCCGSD
0.48828	3-UpCCGSD
-0.42725	3-UpCCGSD
1.15967	3-UpCCGSD
-0.30518	3-UpCCGSD
1.95312	3-UpCCGSD
0.18311	3-UpCCGSD
1.34277	3-UpCCGSD
1.28174	3-UpCCGSD
0.97656	3-UpCCGSD
-1.03759	3-UpCCGSD
0.61035	3-UpCCGSD
0.61035	3-UpCCGSD
0.48828	3-UpCCGSD
0.42724	3-UpCCGSD
0.06103	3-UpCCGSD
0.24414	3-UpCCGSD
0.18311	3-UpCCGSD
0.24414	3-UpCCGSD
0.1831	3-UpCCGSD
0.42725	3-UpCCGSD
-0.06104	3-UpCCGSD
0.1831	3-UpCCGSD
0.54932	3-UpCCGSD
-0.54932	3-UpCCGSD
0.36621	3-UpCCGSD
0.61035	3-UpCCGSD
0.91552	3-UpCCGSD
1.40381	3-UpCCGSD
1.28174	3-UpCCGSD
1.58691	3-UpCCGSD
1.2207	3-UpCCGSD
1.0376	3-UpCCGSD
0.18311	3-UpCCGSD
0.54932	3-UpCCGSD
0.24414	3-UpCCGSD
0.30517	3-UpCCGSD
0.24414	3-UpCCGSD
0.24414	3-UpCCGSD
0.24414	3-UpCCGSD
0.18311	3-UpCCGSD
0.12207	3-UpCCGSD
0.24414	3-UpCCGSD
0	3-UpCCGSD
0.1831	3-UpCCGSD
0.48828	3-UpCCGSD
0.24414	3-UpCCGSD
0.12207	3-UpCCGSD
0.73242	3-UpCCGSD
1.2207	3-UpCCGSD
1.4038	3-UpCCGSD
1.15966	3-UpCCGSD
1.52588	3-UpCCGSD
1.2207	3-UpCCGSD
1.89209	3-UpCCGSD
1.58691	3-UpCCGSD
0.30518	3-UpCCGSD
0.24414	3-UpCCGSD
0.48828	3-UpCCGSD
0.1831	3-UpCCGSD
0.36621	3-UpCCGSD
0.1831	3-UpCCGSD
0.12207	3-UpCCGSD
0.12207	3-UpCCGSD
0.06103	3-UpCCGSD
0.24414	3-UpCCGSD
0.30518	3-UpCCGSD
0.1831	3-UpCCGSD
0.42724	3-UpCCGSD
0.12207	3-UpCCGSD
0.73242	3-UpCCGSD
0.67139	3-UpCCGSD
0.54931	3-UpCCGSD
0.91552	3-UpCCGSD
1.95312	3-UpCCGSD
1.95313	3-UpCCGSD
1.40381	3-UpCCGSD
1.0376	3-UpCCGSD
0.91553	3-UpCCGSD
-0.06103	3-UpCCGSD
-0.24414	3-UpCCGSD
0.67138	3-UpCCGSD
0.06103	3-UpCCGSD
0.36621	3-UpCCGSD
0	3-UpCCGSD
0.12207	3-UpCCGSD
0.42725	3-UpCCGSD
0.30517	3-UpCCGSD
0.24414	3-UpCCGSD
0.30518	3-UpCCGSD
0.1831	3-UpCCGSD
0.36621	3-UpCCGSD
0.61035	3-UpCCGSD
0.54931	3-UpCCGSD
1.34277	3-UpCCGSD
-0.54932	3-UpCCGSD
1.89209	3-UpCCGSD
2.19726	3-UpCCGSD
0.85449	3-UpCCGSD
1.28173	3-UpCCGSD
1.52588	3-UpCCGSD
0.36621	3-UpCCGSD
-0.24414	3-UpCCGSD
0.54932	3-UpCCGSD
0.42724	3-UpCCGSD
0.30517	3-UpCCGSD
0.36621	3-UpCCGSD
0.06103	3-UpCCGSD
0.12207	3-UpCCGSD
0.12207	3-UpCCGSD
0.06103	3-UpCCGSD
0.12207	3-UpCCGSD
0.30518	3-UpCCGSD
0.06103	3-UpCCGSD
0.42724	3-UpCCGSD
0.24414	3-UpCCGSD
1.28174	3-UpCCGSD
1.0376	3-UpCCGSD
0.24414	3-UpCCGSD
2.62451	3-UpCCGSD
1.28173	3-UpCCGSD
1.52588	3-UpCCGSD
1.03759	3-UpCCGSD
1.2207	3-UpCCGSD
0.36621	3-UpCCGSD
0.67139	3-UpCCGSD
0.54932	3-UpCCGSD
0.79345	3-UpCCGSD
0.24414	3-UpCCGSD
0.42724	3-UpCCGSD
0.06103	3-UpCCGSD
0.18311	3-UpCCGSD
0.06104	3-UpCCGSD
0.24414	3-UpCCGSD
0.1831	3-UpCCGSD
0.30518	3-UpCCGSD
-0.06104	3-UpCCGSD
0.30517	3-UpCCGSD
0.42725	3-UpCCGSD
0.61035	3-UpCCGSD
0.54932	3-UpCCGSD
0.97656	3-UpCCGSD
0.79345	3-UpCCGSD
1.58691	3-UpCCGSD
0.91553	3-UpCCGSD
1.52588	3-UpCCGSD
2.2583	3-UpCCGSD
1.34277	3-UpCCGSD
0.12207	3-UpCCGSD
1.09864	3-UpCCGSD
0.48828	3-UpCCGSD
0.67139	3-UpCCGSD
0.30517	3-UpCCGSD
0.12207	3-UpCCGSD
0.06104	3-UpCCGSD
0.12207	3-UpCCGSD
0.12207	3-UpCCGSD
0.12207	3-UpCCGSD
0.18311	3-UpCCGSD
0.24414	3-UpCCGSD
0.42724	3-UpCCGSD
0	3-UpCCGSD
0.91552	3-UpCCGSD
0.54932	3-UpCCGSD
0.1831	3-UpCCGSD
2.19726	3-UpCCGSD
1.58691	3-UpCCGSD
1.52588	3-UpCCGSD
2.13623	3-UpCCGSD
1.95313	3-UpCCGSD
0.30517	3-UpCCGSD
0.61036	3-UpCCGSD
0.24414	3-UpCCGSD
0.24414	3-UpCCGSD
0.30517	3-UpCCGSD
0.61035	3-UpCCGSD
0.12207	3-UpCCGSD
0.24414	3-UpCCGSD
0.18311	3-UpCCGSD
0.1831	3-UpCCGSD
0.30517	3-UpCCGSD
0.24414	3-UpCCGSD
0	3-UpCCGSD
0.42724	3-UpCCGSD
0.48828	3-UpCCGSD
0.42724	3-UpCCGSD
0.12207	3-UpCCGSD
0.61035	3-UpCCGSD
1.4038	3-UpCCGSD
1.77002	3-UpCCGSD
0.18311	3-UpCCGSD
1.46484	3-UpCCGSD
2.01416	3-UpCCGSD
1.58691	3-UpCCGSD
0	3-UpCCGSD
0.73242	3-UpCCGSD
-0.18311	3-UpCCGSD
0.54932	3-UpCCGSD
0.54931	3-UpCCGSD
0.12207	3-UpCCGSD
0.18311	3-UpCCGSD
0.12207	3-UpCCGSD
0.06103	3-UpCCGSD
0.24414	3-UpCCGSD
0.18311	3-UpCCGSD
0.12207	3-UpCCGSD
0.06103	3-UpCCGSD
0.42725	3-UpCCGSD
0.54931	3-UpCCGSD
0.73242	3-UpCCGSD
0.97656	3-UpCCGSD
1.58691	3-UpCCGSD
1.28173	3-UpCCGSD
1.09863	3-UpCCGSD
1.95312	3-UpCCGSD
1.58691	3-UpCCGSD
0.12207	3-UpCCGSD
0.67139	3-UpCCGSD
-0.1831	3-UpCCGSD
0.12207	3-UpCCGSD
0.24414	3-UpCCGSD
0.12207	3-UpCCGSD
0.30517	3-UpCCGSD
0.42725	3-UpCCGSD
0.12207	3-UpCCGSD
0.12207	3-UpCCGSD
0.1831	3-UpCCGSD
0.18311	3-UpCCGSD
0.1831	3-UpCCGSD
0.36621	3-UpCCGSD
0.30518	3-UpCCGSD
0.73242	3-UpCCGSD
0.85449	3-UpCCGSD
0.30517	3-UpCCGSD
1.28173	3-UpCCGSD
1.89209	3-UpCCGSD
0.30518	3-UpCCGSD
1.15966	3-UpCCGSD
1.09863	3-UpCCGSD
0.91553	3-UpCCGSD
0.73243	3-UpCCGSD
0.30518	3-UpCCGSD
-0.12207	3-UpCCGSD
0.42724	3-UpCCGSD
0.24414	3-UpCCGSD
0.30517	3-UpCCGSD
0.24414	3-UpCCGSD
0.18311	3-UpCCGSD
0.06103	3-UpCCGSD
0.1831	3-UpCCGSD
0.24414	3-UpCCGSD
0	3-UpCCGSD
0.30517	3-UpCCGSD
0	3-UpCCGSD
-0.30518	3-UpCCGSD
0.30517	3-UpCCGSD
0.42724	3-UpCCGSD
1.64794	3-UpCCGSD
1.40381	3-UpCCGSD
1.52588	3-UpCCGSD
1.34277	3-UpCCGSD
0.79346	3-UpCCGSD
0.79345	3-UpCCGSD
-0.36621	3-UpCCGSD
0.54932	3-UpCCGSD
0.30517	3-UpCCGSD
0.1831	3-UpCCGSD
0.54931	3-UpCCGSD
0	3-UpCCGSD
0.36621	3-UpCCGSD
0.12207	3-UpCCGSD
0.12207	3-UpCCGSD
0.1831	3-UpCCGSD
0.36621	3-UpCCGSD
0.12207	3-UpCCGSD
0.24414	3-UpCCGSD
0.30518	3-UpCCGSD
1.03759	3-UpCCGSD
-0.54932	3-UpCCGSD
-0.54932	3-UpCCGSD
1.95312	3-UpCCGSD
1.09863	3-UpCCGSD
1.28174	3-UpCCGSD
1.03759	3-UpCCGSD
1.09863	3-UpCCGSD
1.09863	3-UpCCGSD
0.42725	3-UpCCGSD
0.42725	3-UpCCGSD
0.54931	3-UpCCGSD
0.24414	3-UpCCGSD
0.12207	3-UpCCGSD
0.1831	3-UpCCGSD
0.18311	3-UpCCGSD
0.12207	3-UpCCGSD
0.24414	3-UpCCGSD
0.1831	3-UpCCGSD
0.30518	3-UpCCGSD
0.24414	3-UpCCGSD
0.54932	3-UpCCGSD
0.48828	3-UpCCGSD
0.24414	3-UpCCGSD
0.73242	3-UpCCGSD
1.77002	3-UpCCGSD
2.01416	3-UpCCGSD
2.01416	3-UpCCGSD
1.52588	3-UpCCGSD
1.2207	3-UpCCGSD
2.2583	3-UpCCGSD
1.52588	3-UpCCGSD
0.67139	3-UpCCGSD
0.42725	3-UpCCGSD
0.42724	3-UpCCGSD
0.61035	3-UpCCGSD
0.30517	3-UpCCGSD
0.06103	3-UpCCGSD
0.12207	3-UpCCGSD
0.12207	3-UpCCGSD
0.06103	3-UpCCGSD
0.1831	3-UpCCGSD
0.30518	3-UpCCGSD
0.06103	3-UpCCGSD
0.36621	3-UpCCGSD
0.54932	3-UpCCGSD
1.03759	3-UpCCGSD
0.1831	3-UpCCGSD
1.28174	3-UpCCGSD
1.15966	3-UpCCGSD
1.28173	3-UpCCGSD
2.62451	3-UpCCGSD
2.38037	3-UpCCGSD
1.40381	3-UpCCGSD
1.52588	3-UpCCGSD
1.46485	3-UpCCGSD
0.48828	3-UpCCGSD
-0.18311	3-UpCCGSD
0.54932	3-UpCCGSD
0.36621	3-UpCCGSD
0.12207	3-UpCCGSD
0.30518	3-UpCCGSD
0.18311	3-UpCCGSD
0.1831	3-UpCCGSD
0.12207	3-UpCCGSD
0.18311	3-UpCCGSD
0.12207	3-UpCCGSD
0.24414	3-UpCCGSD
0.36621	3-UpCCGSD
1.03759	3-UpCCGSD
-0.30518	3-UpCCGSD
0.54931	3-UpCCGSD
0.85449	3-UpCCGSD
1.40381	3-UpCCGSD
0.79346	3-UpCCGSD
1.58691	3-UpCCGSD
1.28174	3-UpCCGSD
0.48828	3-UpCCGSD
0.42725	3-UpCCGSD
0.54932	3-UpCCGSD
0.12207	3-UpCCGSD
0.24414	3-UpCCGSD
0.36621	3-UpCCGSD
0.06103	3-UpCCGSD
0.24414	3-UpCCGSD
0.67139	3-UpCCGSD
0.12207	3-UpCCGSD
0.1831	3-UpCCGSD
0.06104	3-UpCCGSD
-0.12207	3-UpCCGSD
0.30517	3-UpCCGSD
0.67139	3-UpCCGSD
1.09863	3-UpCCGSD
1.58691	3-UpCCGSD
1.58691	3-UpCCGSD
1.34277	3-UpCCGSD
1.15966	3-UpCCGSD
1.77002	3-UpCCGSD
1.28173	3-UpCCGSD
1.89209	3-UpCCGSD
1.64795	3-UpCCGSD
0.24414	3-UpCCGSD
0.67139	3-UpCCGSD
0.54931	3-UpCCGSD
0.36621	3-UpCCGSD
0.1831	3-UpCCGSD
0.06103	3-UpCCGSD
0.06104	3-UpCCGSD
0.18311	3-UpCCGSD
0.12207	3-UpCCGSD
0.24414	3-UpCCGSD
0.61035	3-UpCCGSD
-0.12207	3-UpCCGSD
0.24414	3-UpCCGSD
0.48828	3-UpCCGSD
0.54931	3-UpCCGSD
0.1831	3-UpCCGSD
0.67138	3-UpCCGSD
1.28173	3-UpCCGSD
1.89209	3-UpCCGSD
2.19727	3-UpCCGSD
1.28173	3-UpCCGSD
1.0376	3-UpCCGSD
0.67138	3-UpCCGSD
0.79346	3-UpCCGSD
0.79346	3-UpCCGSD
0.06103	3-UpCCGSD
0.1831	3-UpCCGSD
0.24414	3-UpCCGSD
0.12207	3-UpCCGSD
0.06104	3-UpCCGSD
0.30518	3-UpCCGSD
0	3-UpCCGSD
0.06103	3-UpCCGSD
0.06104	3-UpCCGSD
0.12207	3-UpCCGSD
0.24414	3-UpCCGSD
0.42725	3-UpCCGSD
0.61035	3-UpCCGSD
1.58691	3-UpCCGSD
0.42724	3-UpCCGSD
1.83105	3-UpCCGSD
1.03759	3-UpCCGSD
1.52588	3-UpCCGSD
2.4414	3-UpCCGSD
1.09863	3-UpCCGSD
0.97656	3-UpCCGSD
0.79346	3-UpCCGSD
0.36621	3-UpCCGSD
-0.30518	3-UpCCGSD
0.36621	3-UpCCGSD
0.30517	3-UpCCGSD
0.12207	3-UpCCGSD
0.12207	3-UpCCGSD
0.18311	3-UpCCGSD
0.12207	3-UpCCGSD
0.1831	3-UpCCGSD
0.24414	3-UpCCGSD
0.54931	3-UpCCGSD
0.12207	3-UpCCGSD
0.54932	3-UpCCGSD
0.42724	3-UpCCGSD
0.97656	3-UpCCGSD
0.73242	3-UpCCGSD
0.85449	3-UpCCGSD
1.46484	3-UpCCGSD
1.15967	3-UpCCGSD
0.91552	3-UpCCGSD
1.77002	3-UpCCGSD
0.79345	3-UpCCGSD
1.0376	3-UpCCGSD
0.79346	3-UpCCGSD
0.48828	3-UpCCGSD
0.36621	3-UpCCGSD
0.36621	3-UpCCGSD
0	3-UpCCGSD
0.30518	3-UpCCGSD
0.12207	3-UpCCGSD
0.36621	3-UpCCGSD
0.12207	3-UpCCGSD
0.18311	3-UpCCGSD
0.1831	3-UpCCGSD
0.24414	3-UpCCGSD
-0.36621	3-UpCCGSD
-0.30518	3-UpCCGSD
0.12207	3-UpCCGSD
1.52588	3-UpCCGSD
1.83105	3-UpCCGSD
0.54931	3-UpCCGSD
1.09863	3-UpCCGSD
1.83105	3-UpCCGSD
0.97656	3-UpCCGSD
0.97656	3-UpCCGSD
0.24414	3-UpCCGSD
0.91553	3-UpCCGSD
0.06103	3-UpCCGSD
0.42724	3-UpCCGSD
0.30517	3-UpCCGSD
0.06103	3-UpCCGSD
0.18311	3-UpCCGSD
0.18311	3-UpCCGSD
0.30517	3-UpCCGSD
0.12207	3-UpCCGSD
0.30518	3-UpCCGSD
0.12207	3-UpCCGSD
0	3-UpCCGSD
0.18311	3-UpCCGSD
0.61035	3-UpCCGSD
0.97656	3-UpCCGSD
0.91553	3-UpCCGSD
0.91552	3-UpCCGSD
2.31933	3-UpCCGSD
1.89209	3-UpCCGSD
1.70898	3-UpCCGSD
1.83105	3-UpCCGSD
0.79345	3-UpCCGSD
0.91553	3-UpCCGSD
0.24414	3-UpCCGSD
0.85449	3-UpCCGSD
0.30517	3-UpCCGSD
0.30517	3-UpCCGSD
0.12207	3-UpCCGSD
0.12207	3-UpCCGSD
0.12207	3-UpCCGSD
0.30517	3-UpCCGSD
0.36621	3-UpCCGSD
0.18311	3-UpCCGSD
0.24414	3-UpCCGSD
0.1831	3-UpCCGSD
0.06104	3-UpCCGSD
0.73242	3-UpCCGSD
-0.79346	3-UpCCGSD
0.12207	3-UpCCGSD
1.64794	3-UpCCGSD
2.2583	3-UpCCGSD
0.97656	3-UpCCGSD
1.64795	3-UpCCGSD
1.95313	3-UpCCGSD
1.40381	3-UpCCGSD
1.22071	3-UpCCGSD
0.67139	3-UpCCGSD
0.42724	3-UpCCGSD
0.36621	3-UpCCGSD
0.36621	3-UpCCGSD
0.06103	3-UpCCGSD
0.24414	3-UpCCGSD
0.06104	3-UpCCGSD
0.1831	4-UpCCGSD
0.18311	4-UpCCGSD
0.12207	4-UpCCGSD
0.18311	4-UpCCGSD
0.42724	4-UpCCGSD
0.61035	4-UpCCGSD
0.73242	4-UpCCGSD
-0.12207	4-UpCCGSD
0.61035	4-UpCCGSD
1.2207	4-UpCCGSD
1.52588	4-UpCCGSD
1.58691	4-UpCCGSD
1.03759	4-UpCCGSD
1.64795	4-UpCCGSD
2.31933	4-UpCCGSD
0.48829	4-UpCCGSD
0.97656	4-UpCCGSD
0.73242	4-UpCCGSD
0.36621	4-UpCCGSD
0.36621	4-UpCCGSD
0.12207	4-UpCCGSD
0.18311	4-UpCCGSD
0.06104	4-UpCCGSD
0.12207	4-UpCCGSD
0.18311	4-UpCCGSD
0.12207	4-UpCCGSD
0.30518	4-UpCCGSD
0.61035	4-UpCCGSD
0.42724	4-UpCCGSD
0.85449	4-UpCCGSD
0.91553	4-UpCCGSD
1.22071	4-UpCCGSD
1.95313	4-UpCCGSD
1.70899	4-UpCCGSD
1.89209	4-UpCCGSD
1.95312	4-UpCCGSD
2.56348	4-UpCCGSD
0.30517	4-UpCCGSD
0.73243	4-UpCCGSD
-0.42724	4-UpCCGSD
0.54932	4-UpCCGSD
0.24414	4-UpCCGSD
0.18311	4-UpCCGSD
0.24414	4-UpCCGSD
0.18311	4-UpCCGSD
0.12207	4-UpCCGSD
0.12207	4-UpCCGSD
0.12207	4-UpCCGSD
0.30518	4-UpCCGSD
0.30518	4-UpCCGSD
0.12207	4-UpCCGSD
0.12207	4-UpCCGSD
0.48828	4-UpCCGSD
1.09863	4-UpCCGSD
1.52588	4-UpCCGSD
-0.54932	4-UpCCGSD
1.46485	4-UpCCGSD
1.03759	4-UpCCGSD
2.13623	4-UpCCGSD
1.77002	4-UpCCGSD
1.34277	4-UpCCGSD
0.24414	4-UpCCGSD
0.54932	4-UpCCGSD
0.73242	4-UpCCGSD
0.06103	4-UpCCGSD
0.12207	4-UpCCGSD
0.18311	4-UpCCGSD
0.12207	4-UpCCGSD
0.06104	4-UpCCGSD
0.12207	4-UpCCGSD
0.06104	4-UpCCGSD
0.12207	4-UpCCGSD
0.18311	4-UpCCGSD
0.54932	4-UpCCGSD
0	4-UpCCGSD
0.85449	4-UpCCGSD
0.54932	4-UpCCGSD
1.83106	4-UpCCGSD
1.0376	4-UpCCGSD
2.01416	4-UpCCGSD
2.13623	4-UpCCGSD
2.2583	4-UpCCGSD
0.36621	4-UpCCGSD
1.64795	4-UpCCGSD
0.73243	4-UpCCGSD
1.0376	4-UpCCGSD
0.67139	4-UpCCGSD
0.36621	4-UpCCGSD
0.48828	4-UpCCGSD
0.24414	4-UpCCGSD
0.24414	4-UpCCGSD
0.06104	4-UpCCGSD
0.1831	4-UpCCGSD
0.12207	4-UpCCGSD
0.30518	4-UpCCGSD
0.12207	4-UpCCGSD
0.48828	4-UpCCGSD
0.48828	4-UpCCGSD
0.79345	4-UpCCGSD
-0.54932	4-UpCCGSD
0.36621	4-UpCCGSD
2.99072	4-UpCCGSD
1.77002	4-UpCCGSD
0.97656	4-UpCCGSD
1.70898	4-UpCCGSD
0.42725	4-UpCCGSD
0.73242	4-UpCCGSD
0.42725	4-UpCCGSD
0.73242	4-UpCCGSD
0.42725	4-UpCCGSD
0.48828	4-UpCCGSD
0.54932	4-UpCCGSD
0.12207	4-UpCCGSD
0.06104	4-UpCCGSD
0.12207	4-UpCCGSD
0.1831	4-UpCCGSD
0	4-UpCCGSD
0.48828	4-UpCCGSD
0.18311	4-UpCCGSD
0.36621	4-UpCCGSD
0.12207	4-UpCCGSD
0.06103	4-UpCCGSD
0.79346	4-UpCCGSD
0.54932	4-UpCCGSD
1.46484	4-UpCCGSD
2.2583	4-UpCCGSD
1.09863	4-UpCCGSD
1.40381	4-UpCCGSD
1.64795	4-UpCCGSD
0.1831	4-UpCCGSD
0.73243	4-UpCCGSD
0.48828	4-UpCCGSD
0.79346	4-UpCCGSD
0.12207	4-UpCCGSD
0.36621	4-UpCCGSD
0.24414	4-UpCCGSD
0.18311	4-UpCCGSD
0.06104	4-UpCCGSD
0.36621	4-UpCCGSD
0.12207	4-UpCCGSD
0.18311	4-UpCCGSD
0.12207	4-UpCCGSD
0.24414	4-UpCCGSD
0.54931	4-UpCCGSD
0.42724	4-UpCCGSD
0.48828	4-UpCCGSD
1.0376	4-UpCCGSD
1.15967	4-UpCCGSD
1.52588	4-UpCCGSD
1.83105	4-UpCCGSD
1.70898	4-UpCCGSD
0.85449	4-UpCCGSD
0.67138	4-UpCCGSD
-0.42724	4-UpCCGSD
0.73242	4-UpCCGSD
0.54932	4-UpCCGSD
0.67139	4-UpCCGSD
0.18311	4-UpCCGSD
0.30518	4-UpCCGSD
0.12207	4-UpCCGSD
0.24414	4-UpCCGSD
0.12207	4-UpCCGSD
0.36621	4-UpCCGSD
0.18311	4-UpCCGSD
0.24414	4-UpCCGSD
0.1831	4-UpCCGSD
0.48828	4-UpCCGSD
0.06103	4-UpCCGSD
1.15967	4-UpCCGSD
0.97657	4-UpCCGSD
1.34277	4-UpCCGSD
1.28174	4-UpCCGSD
1.46484	4-UpCCGSD
1.64795	4-UpCCGSD
1.0376	4-UpCCGSD
1.58691	4-UpCCGSD
0.8545	4-UpCCGSD
0.06104	4-UpCCGSD
0.48828	4-UpCCGSD
0.48828	4-UpCCGSD
0.18311	4-UpCCGSD
0.12207	4-UpCCGSD
0.06104	4-UpCCGSD
0.12207	4-UpCCGSD
0.06103	4-UpCCGSD
0	4-UpCCGSD
0.24414	4-UpCCGSD
0.36621	4-UpCCGSD
0.06103	4-UpCCGSD
0.61035	4-UpCCGSD
0.48828	4-UpCCGSD
0.61035	4-UpCCGSD
0.61035	4-UpCCGSD
1.15967	4-UpCCGSD
1.40381	4-UpCCGSD
1.70898	4-UpCCGSD
1.70898	4-UpCCGSD
1.46484	4-UpCCGSD
1.09863	4-UpCCGSD
0.97657	4-UpCCGSD
0.48828	4-UpCCGSD
0.48828	4-UpCCGSD
-0.12207	4-UpCCGSD
0.12207	4-UpCCGSD
0.06104	4-UpCCGSD
0.24414	4-UpCCGSD
0.42725	4-UpCCGSD
0.12207	4-UpCCGSD
0.06104	4-UpCCGSD
0.18311	4-UpCCGSD
0.18311	4-UpCCGSD
0.42724	4-UpCCGSD
0.48828	4-UpCCGSD
0.61035	4-UpCCGSD
0.12207	4-UpCCGSD
1.52588	4-UpCCGSD
0.48828	4-UpCCGSD
1.46485	4-UpCCGSD
1.2207	4-UpCCGSD
1.70898	4-UpCCGSD
1.34277	4-UpCCGSD
0.67138	4-UpCCGSD
0.73243	4-UpCCGSD
0.73242	4-UpCCGSD
0.24414	4-UpCCGSD
0.61035	4-UpCCGSD
0.24414	4-UpCCGSD
0.06104	4-UpCCGSD
0.12207	4-UpCCGSD
0.18311	4-UpCCGSD
0.06103	4-UpCCGSD
0.24414	4-UpCCGSD
0.30518	4-UpCCGSD
0.18311	4-UpCCGSD
0	4-UpCCGSD
0.48828	4-UpCCGSD
0.61035	4-UpCCGSD
0.79346	4-UpCCGSD
1.0376	4-UpCCGSD
1.34277	4-UpCCGSD
1.95313	4-UpCCGSD
1.09863	4-UpCCGSD
2.4414	4-UpCCGSD
2.19727	4-UpCCGSD
0.97656	4-UpCCGSD
0.42725	4-UpCCGSD
1.0376	4-UpCCGSD
0.36621	4-UpCCGSD
0.48828	4-UpCCGSD
0.18311	4-UpCCGSD
0.18311	4-UpCCGSD
0.24414	4-UpCCGSD
0.24414	4-UpCCGSD
0.1831	4-UpCCGSD
0.18311	4-UpCCGSD
0.18311	4-UpCCGSD
0.36621	4-UpCCGSD
-0.06104	4-UpCCGSD
0.24414	4-UpCCGSD
0.85449	4-UpCCGSD
1.34277	4-UpCCGSD
0.85449	4-UpCCGSD
0.85449	4-UpCCGSD
1.64795	4-UpCCGSD
1.46484	4-UpCCGSD
2.01416	4-UpCCGSD
0.97656	4-UpCCGSD
1.40381	4-UpCCGSD
-1.83105	4-UpCCGSD
0	4-UpCCGSD
0.30518	4-UpCCGSD
0.36621	4-UpCCGSD
0.54932	4-UpCCGSD
0.12207	4-UpCCGSD
0.30518	4-UpCCGSD
0.18311	4-UpCCGSD
0.54931	4-UpCCGSD
0.18311	4-UpCCGSD
0.24414	4-UpCCGSD
0.18311	4-UpCCGSD
0.30517	4-UpCCGSD
0.67138	4-UpCCGSD
0.48828	4-UpCCGSD
1.2207	4-UpCCGSD
1.34278	4-UpCCGSD
1.46484	4-UpCCGSD
1.83106	4-UpCCGSD
1.89209	4-UpCCGSD
1.64795	4-UpCCGSD
1.46484	4-UpCCGSD
0.73242	4-UpCCGSD
-0.61035	4-UpCCGSD
0.54932	4-UpCCGSD
0.36621	4-UpCCGSD
0.1831	4-UpCCGSD
0.24414	4-UpCCGSD
0.24414	4-UpCCGSD
0.12207	4-UpCCGSD
0.18311	4-UpCCGSD
0.12207	4-UpCCGSD
0.12207	4-UpCCGSD
0.36621	4-UpCCGSD
0.42725	4-UpCCGSD
0.48828	4-UpCCGSD
0.91552	4-UpCCGSD
0.67138	4-UpCCGSD
0.73242	4-UpCCGSD
0.91553	4-UpCCGSD
2.01416	4-UpCCGSD
0.73242	4-UpCCGSD
1.46484	4-UpCCGSD
2.74658	4-UpCCGSD
1.77002	4-UpCCGSD
1.58691	4-UpCCGSD
0.67139	4-UpCCGSD
0.30518	4-UpCCGSD
0.48828	4-UpCCGSD
0.1831	4-UpCCGSD
0.18311	4-UpCCGSD
0.12207	4-UpCCGSD
0.36621	4-UpCCGSD
0.12207	4-UpCCGSD
0.1831	4-UpCCGSD
0.18311	4-UpCCGSD
0.24414	4-UpCCGSD
0.18311	4-UpCCGSD
0.30517	4-UpCCGSD
0.54931	4-UpCCGSD
0.79345	4-UpCCGSD
0.36621	4-UpCCGSD
0.12207	4-UpCCGSD
0.79346	4-UpCCGSD
1.58692	4-UpCCGSD
1.52587	4-UpCCGSD
1.40381	4-UpCCGSD
0.42725	4-UpCCGSD
0.61035	4-UpCCGSD
-0.12207	4-UpCCGSD
0.67139	4-UpCCGSD
0.24414	4-UpCCGSD
0.30517	4-UpCCGSD
0.18311	4-UpCCGSD
0.24414	4-UpCCGSD
0.30518	4-UpCCGSD
0.12207	4-UpCCGSD
0.1831	4-UpCCGSD
0	4-UpCCGSD
0.42725	4-UpCCGSD
0.12207	4-UpCCGSD
0.48828	4-UpCCGSD
-0.06104	4-UpCCGSD
0.61035	4-UpCCGSD
0.61035	4-UpCCGSD
0.85449	4-UpCCGSD
1.46484	4-UpCCGSD
1.64795	4-UpCCGSD
2.01416	4-UpCCGSD
1.83105	4-UpCCGSD
1.34277	4-UpCCGSD
1.2207	4-UpCCGSD
0.61036	4-UpCCGSD
0.73242	4-UpCCGSD
0.73242	4-UpCCGSD
0.30517	4-UpCCGSD
0.12207	4-UpCCGSD
0.18311	4-UpCCGSD
0.18311	4-UpCCGSD
0.06104	4-UpCCGSD
0.24414	4-UpCCGSD
0.24414	4-UpCCGSD
0.30518	4-UpCCGSD
0.24414	4-UpCCGSD
0.61035	4-UpCCGSD
0.79345	4-UpCCGSD
0.36621	4-UpCCGSD
-0.67139	4-UpCCGSD
1.0376	4-UpCCGSD
1.64795	4-UpCCGSD
1.77002	4-UpCCGSD
2.2583	4-UpCCGSD
1.77002	4-UpCCGSD
0.91553	4-UpCCGSD
1.46484	4-UpCCGSD
1.22071	4-UpCCGSD
0.54932	4-UpCCGSD
0.85449	4-UpCCGSD
0.48828	4-UpCCGSD
0.18311	4-UpCCGSD
0.06104	4-UpCCGSD
0.18311	4-UpCCGSD
0.06104	4-UpCCGSD
0.48828	4-UpCCGSD
0.12207	4-UpCCGSD
0.30518	4-UpCCGSD
0.24414	4-UpCCGSD
0.1831	4-UpCCGSD
0.61035	4-UpCCGSD
0.73242	4-UpCCGSD
0.79346	4-UpCCGSD
1.15967	4-UpCCGSD
1.46484	4-UpCCGSD
1.2207	4-UpCCGSD
1.4038	4-UpCCGSD
1.95312	4-UpCCGSD
1.64795	4-UpCCGSD
1.58691	4-UpCCGSD
0.54932	4-UpCCGSD
0.67139	4-UpCCGSD
0.30518	4-UpCCGSD
0.24414	4-UpCCGSD
0.36621	4-UpCCGSD
0.24414	4-UpCCGSD
0.12207	4-UpCCGSD
0.18311	4-UpCCGSD
0.06103	4-UpCCGSD
0.12207	4-UpCCGSD
0.12207	4-UpCCGSD
0.24414	4-UpCCGSD
0.48828	4-UpCCGSD
0.54931	4-UpCCGSD
0.61035	4-UpCCGSD
1.40381	4-UpCCGSD
0.73242	4-UpCCGSD
1.46484	4-UpCCGSD
0.91553	4-UpCCGSD
2.74658	4-UpCCGSD
1.89209	4-UpCCGSD
1.40381	4-UpCCGSD
0.73242	4-UpCCGSD
-0.36621	4-UpCCGSD
0.91553	4-UpCCGSD
0.61035	4-UpCCGSD
0.54932	4-UpCCGSD
0.48828	4-UpCCGSD
0.48828	4-UpCCGSD
0.30518	4-UpCCGSD
0.12207	4-UpCCGSD
0	4-UpCCGSD
0.18311	4-UpCCGSD
0.18311	4-UpCCGSD
0.12207	4-UpCCGSD
0.06103	4-UpCCGSD
0.61035	4-UpCCGSD
1.2207	4-UpCCGSD
0.36621	4-UpCCGSD
0.67139	4-UpCCGSD
1.34277	4-UpCCGSD
1.28174	4-UpCCGSD
1.58691	4-UpCCGSD
1.83105	4-UpCCGSD
1.2207	4-UpCCGSD
0.61035	4-UpCCGSD
0.18311	4-UpCCGSD
0.79346	4-UpCCGSD
-0.06103	4-UpCCGSD
0.36621	4-UpCCGSD
0.36621	4-UpCCGSD
0.30518	4-UpCCGSD
0.36621	4-UpCCGSD
0.18311	4-UpCCGSD
0.1831	4-UpCCGSD
0.12207	4-UpCCGSD
0.18311	4-UpCCGSD
0.36621	4-UpCCGSD
0.06103	4-UpCCGSD
0.30517	4-UpCCGSD
0.73242	4-UpCCGSD
1.46484	4-UpCCGSD
0.91553	4-UpCCGSD
1.70898	4-UpCCGSD
0.85449	4-UpCCGSD
1.28173	4-UpCCGSD
1.95312	4-UpCCGSD
1.46484	4-UpCCGSD
1.28174	4-UpCCGSD
0.8545	4-UpCCGSD
0.61035	4-UpCCGSD
0.42725	4-UpCCGSD
0.42724	4-UpCCGSD
0.30518	4-UpCCGSD
0.24414	4-UpCCGSD
0.18311	4-UpCCGSD
0.18311	4-UpCCGSD
0.30517	4-UpCCGSD
0.06104	4-UpCCGSD
0.18311	4-UpCCGSD
0.18311	4-UpCCGSD
0.24414	4-UpCCGSD
0.54931	4-UpCCGSD
0.48828	4-UpCCGSD
0.97656	4-UpCCGSD
0.06104	4-UpCCGSD
1.28174	4-UpCCGSD
1.52588	4-UpCCGSD
1.34277	4-UpCCGSD
1.28173	4-UpCCGSD
2.13623	4-UpCCGSD
0.48828	4-UpCCGSD
1.52588	4-UpCCGSD
1.09864	4-UpCCGSD
0.48828	4-UpCCGSD
0.61035	4-UpCCGSD
0.12207	4-UpCCGSD
0.36621	4-UpCCGSD
0.12207	4-UpCCGSD
0.18311	4-UpCCGSD
0.1831	4-UpCCGSD
0.12207	4-UpCCGSD
0.48828	4-UpCCGSD
0.36621	4-UpCCGSD
0.48828	4-UpCCGSD
0.42724	4-UpCCGSD
0.42724	4-UpCCGSD
0.42724	4-UpCCGSD
0.12207	4-UpCCGSD
1.40381	4-UpCCGSD
1.52588	4-UpCCGSD
1.95312	4-UpCCGSD
1.40381	4-UpCCGSD
1.15967	4-UpCCGSD
0.61035	4-UpCCGSD
0.61036	4-UpCCGSD
0.73242	4-UpCCGSD
0.79346	4-UpCCGSD
0.36621	4-UpCCGSD
0.18311	4-UpCCGSD
0.36621	4-UpCCGSD
0.12207	4-UpCCGSD
0	4-UpCCGSD
0.06103	4-UpCCGSD
0.12207	4-UpCCGSD
0.30518	4-UpCCGSD
0.18311	4-UpCCGSD
0.30517	4-UpCCGSD
0.61035	4-UpCCGSD
0.91552	4-UpCCGSD
1.2207	4-UpCCGSD
2.68555	4-UpCCGSD
1.40381	4-UpCCGSD
1.09863	4-UpCCGSD
1.52587	4-UpCCGSD
1.15966	4-UpCCGSD
1.83106	4-UpCCGSD
1.15967	4-UpCCGSD
0.36621	4-UpCCGSD
0.91553	4-UpCCGSD
0.42725	4-UpCCGSD
0.42724	4-UpCCGSD
0.18311	4-UpCCGSD
0.18311	4-UpCCGSD
0.24414	4-UpCCGSD
0.12207	4-UpCCGSD
0.1831	4-UpCCGSD
0.06104	4-UpCCGSD
0.24414	4-UpCCGSD
0.12207	4-UpCCGSD
-0.12207	4-UpCCGSD
0.79345	4-UpCCGSD
0.79345	4-UpCCGSD
0.24414	4-UpCCGSD
0.97657	4-UpCCGSD
1.15967	4-UpCCGSD
2.44141	4-UpCCGSD
1.03759	4-UpCCGSD
1.2207	4-UpCCGSD
0.85449	4-UpCCGSD
0.85449	4-UpCCGSD
-0.48828	4-UpCCGSD
0.67139	4-UpCCGSD
0.12207	4-UpCCGSD
0.30517	4-UpCCGSD
0.36621	4-UpCCGSD
0.12207	4-UpCCGSD
0.18311	4-UpCCGSD
0.12207	4-UpCCGSD
0.06103	4-UpCCGSD
0	4-UpCCGSD
0.12207	4-UpCCGSD
0.18311	4-UpCCGSD
0.12207	4-UpCCGSD
0.67138	4-UpCCGSD
0.73242	4-UpCCGSD
0.91553	4-UpCCGSD
0.18311	4-UpCCGSD
1.58691	4-UpCCGSD
1.52588	4-UpCCGSD
1.58691	4-UpCCGSD
2.2583	4-UpCCGSD
1.40381	4-UpCCGSD
1.46484	4-UpCCGSD
0.73243	4-UpCCGSD
-0.06103	4-UpCCGSD
0.67139	4-UpCCGSD
0.24414	4-UpCCGSD
0.30518	4-UpCCGSD
0.24414	4-UpCCGSD
0.18311	4-UpCCGSD
0.61035	4-UpCCGSD
0.24414	4-UpCCGSD
0.18311	4-UpCCGSD
0.18311	4-UpCCGSD
0.18311	4-UpCCGSD
0.48828	4-UpCCGSD
0.1831	4-UpCCGSD
0.42724	4-UpCCGSD
1.64795	4-UpCCGSD
1.22071	4-UpCCGSD
1.46484	4-UpCCGSD
1.83106	4-UpCCGSD
0.97656	4-UpCCGSD
1.03759	4-UpCCGSD
0.91553	4-UpCCGSD
0.24414	4-UpCCGSD
0.67139	4-UpCCGSD
0.67139	4-UpCCGSD
0.67139	4-UpCCGSD
0.30517	4-UpCCGSD
0.24414	4-UpCCGSD
0.54932	4-UpCCGSD
0.12207	4-UpCCGSD
0	4-UpCCGSD
0.06103	4-UpCCGSD
0.48828	4-UpCCGSD
0.18311	4-UpCCGSD
0.24414	4-UpCCGSD
0.36621	4-UpCCGSD
0.61035	4-UpCCGSD
0.36621	4-UpCCGSD
1.28174	4-UpCCGSD
0.97657	4-UpCCGSD
1.28174	4-UpCCGSD
1.70899	4-UpCCGSD
1.58691	4-UpCCGSD
1.46484	4-UpCCGSD
0.85449	4-UpCCGSD
0.12207	4-UpCCGSD
0.73243	4-UpCCGSD
0.42725	4-UpCCGSD
0.73242	4-UpCCGSD
0.24414	4-UpCCGSD
0.61035	4-UpCCGSD
0.30518	4-UpCCGSD
0.30518	4-UpCCGSD
0.30518	4-UpCCGSD
0.1831	4-UpCCGSD
0.12207	4-UpCCGSD
0.24414	4-UpCCGSD
0.30518	4-UpCCGSD
0.61035	4-UpCCGSD
0.61035	4-UpCCGSD
0.67138	4-UpCCGSD
0.36621	4-UpCCGSD
0.54932	4-UpCCGSD
0.73242	4-UpCCGSD
2.01416	4-UpCCGSD
1.34277	4-UpCCGSD
1.70898	4-UpCCGSD
1.28174	4-UpCCGSD
0.54931	4-UpCCGSD
0.36621	4-UpCCGSD
0.97656	4-UpCCGSD
0.42725	4-UpCCGSD
0.1831	4-UpCCGSD
0.30518	4-UpCCGSD
0.18311	4-UpCCGSD
0.24414	4-UpCCGSD
0.24414	4-UpCCGSD
0.12207	4-UpCCGSD
0.18311	4-UpCCGSD
0.18311	4-UpCCGSD
0.30518	4-UpCCGSD
0.30517	4-UpCCGSD
0.67138	4-UpCCGSD
0.73242	4-UpCCGSD
0.73242	4-UpCCGSD
1.15967	4-UpCCGSD
1.52588	4-UpCCGSD
1.58692	4-UpCCGSD
1.4038	4-UpCCGSD
1.28173	4-UpCCGSD
1.15967	4-UpCCGSD
-0.24414	4-UpCCGSD
1.22071	4-UpCCGSD
-0.67138	4-UpCCGSD
0.42725	4-UpCCGSD
0.30517	4-UpCCGSD
0.30518	4-UpCCGSD
0.30518	4-UpCCGSD
0.12207	4-UpCCGSD
0.06104	4-UpCCGSD
0.1831	4-UpCCGSD
-0.06103	4-UpCCGSD
0.24414	4-UpCCGSD
0.12207	4-UpCCGSD
0.73242	4-UpCCGSD
0.61035	4-UpCCGSD
0.61035	4-UpCCGSD
0.61035	4-UpCCGSD
0.97657	4-UpCCGSD
1.0376	4-UpCCGSD
1.77002	4-UpCCGSD
2.74658	4-UpCCGSD
1.03759	4-UpCCGSD
0.73242	4-UpCCGSD
0.97656	4-UpCCGSD
1.22071	4-UpCCGSD
0.24414	4-UpCCGSD
0.61035	4-UpCCGSD
0.48828	4-UpCCGSD
0.24414	4-UpCCGSD
0.24414	4-UpCCGSD
0.18311	4-UpCCGSD
0.06104	4-UpCCGSD
0.06103	4-UpCCGSD
0.18311	4-UpCCGSD
0.42725	4-UpCCGSD
-0.1831	4-UpCCGSD
0.1831	4-UpCCGSD
0.54931	4-UpCCGSD
0.54931	4-UpCCGSD
1.2207	4-UpCCGSD
0.24414	4-UpCCGSD
1.09863	4-UpCCGSD
2.44141	4-UpCCGSD
0.91552	4-UpCCGSD
2.07519	4-UpCCGSD
0.79346	4-UpCCGSD
0.91553	4-UpCCGSD
1.28174	4-UpCCGSD
0.91553	4-UpCCGSD
0.48828	4-UpCCGSD
0.12207	4-UpCCGSD
0.12207	4-UpCCGSD
0.12207	4-UpCCGSD
0.24414	4-UpCCGSD
0	4-UpCCGSD
0.06103	5-UpCCGSD
0.18311	5-UpCCGSD
0.18311	5-UpCCGSD
0.30517	5-UpCCGSD
0.48828	5-UpCCGSD
0.36621	5-UpCCGSD
0.67138	5-UpCCGSD
0.79346	5-UpCCGSD
-0.24414	5-UpCCGSD
0.97656	5-UpCCGSD
1.2207	5-UpCCGSD
0.54931	5-UpCCGSD
1.89209	5-UpCCGSD
1.64794	5-UpCCGSD
1.2207	5-UpCCGSD
1.0376	5-UpCCGSD
0.67139	5-UpCCGSD
1.15966	5-UpCCGSD
0.48828	5-UpCCGSD
0.30517	5-UpCCGSD
0.18311	5-UpCCGSD
0.18311	5-UpCCGSD
0.06103	5-UpCCGSD
0.12207	5-UpCCGSD
0.06104	5-UpCCGSD
0.12207	5-UpCCGSD
0	5-UpCCGSD
0.36621	5-UpCCGSD
0.67139	5-UpCCGSD
0.79345	5-UpCCGSD
0.79346	5-UpCCGSD
0.79346	5-UpCCGSD
1.34277	5-UpCCGSD
1.52588	5-UpCCGSD
1.52587	5-UpCCGSD
1.28174	5-UpCCGSD
1.2207	5-UpCCGSD
0.1831	5-UpCCGSD
-0.1831	5-UpCCGSD
0.73242	5-UpCCGSD
0.54931	5-UpCCGSD
0.61035	5-UpCCGSD
0.30517	5-UpCCGSD
0.24414	5-UpCCGSD
0.30518	5-UpCCGSD
0.12207	5-UpCCGSD
0.1831	5-UpCCGSD
0.12207	5-UpCCGSD
0.36621	5-UpCCGSD
0.1831	5-UpCCGSD
0.30517	5-UpCCGSD
0.61035	5-UpCCGSD
0	5-UpCCGSD
0.73242	5-UpCCGSD
0.97657	5-UpCCGSD
0.85449	5-UpCCGSD
1.2207	5-UpCCGSD
2.01416	5-UpCCGSD
2.31934	5-UpCCGSD
0.91552	5-UpCCGSD
0.91553	5-UpCCGSD
1.0376	5-UpCCGSD
0.85449	5-UpCCGSD
1.03759	5-UpCCGSD
0.24414	5-UpCCGSD
0.30517	5-UpCCGSD
0.18311	5-UpCCGSD
0.18311	5-UpCCGSD
0.36621	5-UpCCGSD
0.06103	5-UpCCGSD
0.24414	5-UpCCGSD
0.24414	5-UpCCGSD
0.24414	5-UpCCGSD
0.30517	5-UpCCGSD
0.85449	5-UpCCGSD
0.85449	5-UpCCGSD
1.09863	5-UpCCGSD
0.85449	5-UpCCGSD
1.09863	5-UpCCGSD
2.07519	5-UpCCGSD
0.1831	5-UpCCGSD
1.83106	5-UpCCGSD
1.70898	5-UpCCGSD
0.97656	5-UpCCGSD
0.79346	5-UpCCGSD
0.91553	5-UpCCGSD
0.54931	5-UpCCGSD
0.36621	5-UpCCGSD
0.42724	5-UpCCGSD
0.24414	5-UpCCGSD
0.24414	5-UpCCGSD
0	5-UpCCGSD
0.06103	5-UpCCGSD
0.18311	5-UpCCGSD
0.12207	5-UpCCGSD
0.12207	5-UpCCGSD
0.36621	5-UpCCGSD
0.30518	5-UpCCGSD
0.73242	5-UpCCGSD
0.12207	5-UpCCGSD
1.09864	5-UpCCGSD
0.97656	5-UpCCGSD
1.34277	5-UpCCGSD
1.09863	5-UpCCGSD
1.2207	5-UpCCGSD
1.28173	5-UpCCGSD
1.52588	5-UpCCGSD
-0.36621	5-UpCCGSD
0.61035	5-UpCCGSD
-0.24414	5-UpCCGSD
0.48828	5-UpCCGSD
0.30517	5-UpCCGSD
0.36621	5-UpCCGSD
0.18311	5-UpCCGSD
0.1831	5-UpCCGSD
0.42724	5-UpCCGSD
0.12207	5-UpCCGSD
0.42725	5-UpCCGSD
0	5-UpCCGSD
0.1831	5-UpCCGSD
0.48828	5-UpCCGSD
0.30517	5-UpCCGSD
0.06103	5-UpCCGSD
0.36621	5-UpCCGSD
1.15966	5-UpCCGSD
1.52588	5-UpCCGSD
-0.12207	5-UpCCGSD
1.64795	5-UpCCGSD
1.95312	5-UpCCGSD
1.58691	5-UpCCGSD
0.54932	5-UpCCGSD
0.85449	5-UpCCGSD
0.85449	5-UpCCGSD
0.30517	5-UpCCGSD
0.30517	5-UpCCGSD
0.12207	5-UpCCGSD
0.30518	5-UpCCGSD
0.24414	5-UpCCGSD
0.1831	5-UpCCGSD
0.06104	5-UpCCGSD
0.30518	5-UpCCGSD
0.12207	5-UpCCGSD
0.54932	5-UpCCGSD
0.54932	5-UpCCGSD
0.85449	5-UpCCGSD
0.91553	5-UpCCGSD
0.97657	5-UpCCGSD
1.58691	5-UpCCGSD
1.95312	5-UpCCGSD
1.15966	5-UpCCGSD
2.13623	5-UpCCGSD
1.77001	5-UpCCGSD
0.61035	5-UpCCGSD
0.42725	5-UpCCGSD
0.42725	5-UpCCGSD
-0.06104	5-UpCCGSD
0.42724	5-UpCCGSD
0.12207	5-UpCCGSD
0.30518	5-UpCCGSD
0.18311	5-UpCCGSD
0.1831	5-UpCCGSD
0.1831	5-UpCCGSD
0.18311	5-UpCCGSD
0.24414	5-UpCCGSD
0.12207	5-UpCCGSD
0.30517	5-UpCCGSD
0.12207	5-UpCCGSD
0.79345	5-UpCCGSD
-0.06104	5-UpCCGSD
0.85449	5-UpCCGSD
1.70898	5-UpCCGSD
1.89209	5-UpCCGSD
1.64794	5-UpCCGSD
1.64795	5-UpCCGSD
1.83105	5-UpCCGSD
0.67138	5-UpCCGSD
0.79346	5-UpCCGSD
0.30518	5-UpCCGSD
0.42724	5-UpCCGSD
0.36621	5-UpCCGSD
0.06103	5-UpCCGSD
0.48828	5-UpCCGSD
0.12207	5-UpCCGSD
0.12207	5-UpCCGSD
0.1831	5-UpCCGSD
0.12207	5-UpCCGSD
0.36621	5-UpCCGSD
0.06103	5-UpCCGSD
0.06103	5-UpCCGSD
0.48828	5-UpCCGSD
0.12207	5-UpCCGSD
0.91553	5-UpCCGSD
0.42725	5-UpCCGSD
1.4038	5-UpCCGSD
1.58691	5-UpCCGSD
0.12207	5-UpCCGSD
2.13623	5-UpCCGSD
1.09863	5-UpCCGSD
1.40381	5-UpCCGSD
1.34278	5-UpCCGSD
0.85449	5-UpCCGSD
0.30517	5-UpCCGSD
0.30517	5-UpCCGSD
0.24414	5-UpCCGSD
0.24414	5-UpCCGSD
0.18311	5-UpCCGSD
0.12207	5-UpCCGSD
0.06103	5-UpCCGSD
0.12207	5-UpCCGSD
0.54932	5-UpCCGSD
0.30517	5-UpCCGSD
0.06103	5-UpCCGSD
0.54932	5-UpCCGSD
0.54931	5-UpCCGSD
0.12207	5-UpCCGSD
2.0752	5-UpCCGSD
1.2207	5-UpCCGSD
2.31933	5-UpCCGSD
1.15966	5-UpCCGSD
1.34278	5-UpCCGSD
1.28173	5-UpCCGSD
0.67138	5-UpCCGSD
0.42725	5-UpCCGSD
-0.1831	5-UpCCGSD
0.48828	5-UpCCGSD
0.42724	5-UpCCGSD
0.06103	5-UpCCGSD
0.06104	5-UpCCGSD
0.18311	5-UpCCGSD
0.12207	5-UpCCGSD
0.06103	5-UpCCGSD
0	5-UpCCGSD
0.24414	5-UpCCGSD
0.36621	5-UpCCGSD
0.12207	5-UpCCGSD
0.30518	5-UpCCGSD
1.2207	5-UpCCGSD
0.91553	5-UpCCGSD
1.70899	5-UpCCGSD
1.03759	5-UpCCGSD
1.95312	5-UpCCGSD
-0.97657	5-UpCCGSD
1.34278	5-UpCCGSD
1.46484	5-UpCCGSD
0.91553	5-UpCCGSD
0.73243	5-UpCCGSD
-0.42724	5-UpCCGSD
0.67138	5-UpCCGSD
0.30517	5-UpCCGSD
0.30517	5-UpCCGSD
0	5-UpCCGSD
0.24414	5-UpCCGSD
0.06103	5-UpCCGSD
0.12207	5-UpCCGSD
0.06104	5-UpCCGSD
0.06104	5-UpCCGSD
0.12207	5-UpCCGSD
0.12207	5-UpCCGSD
0.24414	5-UpCCGSD
0.79345	5-UpCCGSD
0.91553	5-UpCCGSD
1.15967	5-UpCCGSD
1.46484	5-UpCCGSD
2.31933	5-UpCCGSD
1.58691	5-UpCCGSD
1.2207	5-UpCCGSD
1.58691	5-UpCCGSD
0	5-UpCCGSD
0.42725	5-UpCCGSD
-0.12207	5-UpCCGSD
0.42724	5-UpCCGSD
0.06103	5-UpCCGSD
0.12207	5-UpCCGSD
0.06104	5-UpCCGSD
0.12207	5-UpCCGSD
0	5-UpCCGSD
0.1831	5-UpCCGSD
0.12207	5-UpCCGSD
0.12207	5-UpCCGSD
0.1831	5-UpCCGSD
0.1831	5-UpCCGSD
0.36621	5-UpCCGSD
0.36621	5-UpCCGSD
0.42724	5-UpCCGSD
0.61035	5-UpCCGSD
0.97656	5-UpCCGSD
0.61035	5-UpCCGSD
1.46484	5-UpCCGSD
1.34278	5-UpCCGSD
1.28173	5-UpCCGSD
1.09863	5-UpCCGSD
1.28174	5-UpCCGSD
0.18311	5-UpCCGSD
0.42724	5-UpCCGSD
0.24414	5-UpCCGSD
0.48828	5-UpCCGSD
0.06104	5-UpCCGSD
0.42725	5-UpCCGSD
0.12207	5-UpCCGSD
0.12207	5-UpCCGSD
0.06104	5-UpCCGSD
0.24414	5-UpCCGSD
0.12207	5-UpCCGSD
0.1831	5-UpCCGSD
0.42725	5-UpCCGSD
0.42724	5-UpCCGSD
1.28174	5-UpCCGSD
1.52588	5-UpCCGSD
0.79345	5-UpCCGSD
2.19726	5-UpCCGSD
2.01416	5-UpCCGSD
2.80762	5-UpCCGSD
1.77001	5-UpCCGSD
0.73242	5-UpCCGSD
0.42725	5-UpCCGSD
0.36621	5-UpCCGSD
-0.06104	5-UpCCGSD
0.30517	5-UpCCGSD
0.1831	5-UpCCGSD
0.12207	5-UpCCGSD
0.24414	5-UpCCGSD
0.06103	5-UpCCGSD
0.12207	5-UpCCGSD
0.12207	5-UpCCGSD
0.30518	5-UpCCGSD
0.30517	5-UpCCGSD
0.24414	5-UpCCGSD
0.42725	5-UpCCGSD
0.85449	5-UpCCGSD
0.73242	5-UpCCGSD
0.67139	5-UpCCGSD
1.09863	5-UpCCGSD
1.95312	5-UpCCGSD
0.54931	5-UpCCGSD
0	5-UpCCGSD
1.28173	5-UpCCGSD
1.0376	5-UpCCGSD
-0.48828	5-UpCCGSD
0.79346	5-UpCCGSD
0.48828	5-UpCCGSD
0.67139	5-UpCCGSD
0.30517	5-UpCCGSD
0.30518	5-UpCCGSD
0.24414	5-UpCCGSD
0	5-UpCCGSD
0.06103	5-UpCCGSD
0.18311	5-UpCCGSD
0.30518	5-UpCCGSD
0.24414	5-UpCCGSD
0.36621	5-UpCCGSD
0.18311	5-UpCCGSD
0.67138	5-UpCCGSD
0.97656	5-UpCCGSD
1.0376	5-UpCCGSD
0.91552	5-UpCCGSD
1.77002	5-UpCCGSD
0.67138	5-UpCCGSD
2.0752	5-UpCCGSD
0.24414	5-UpCCGSD
1.15967	5-UpCCGSD
0.97657	5-UpCCGSD
0.67139	5-UpCCGSD
0.48828	5-UpCCGSD
0.30517	5-UpCCGSD
0.36621	5-UpCCGSD
0.12207	5-UpCCGSD
0.30518	5-UpCCGSD
0.12207	5-UpCCGSD
0.12207	5-UpCCGSD
0.06104	5-UpCCGSD
0.24414	5-UpCCGSD
0.12207	5-UpCCGSD
0.48828	5-UpCCGSD
0.42725	5-UpCCGSD
0.42724	5-UpCCGSD
0	5-UpCCGSD
1.22071	5-UpCCGSD
1.28173	5-UpCCGSD
2.07519	5-UpCCGSD
1.34277	5-UpCCGSD
1.77002	5-UpCCGSD
1.46484	5-UpCCGSD
1.09863	5-UpCCGSD
-0.54931	5-UpCCGSD
0.85449	5-UpCCGSD
0.79345	5-UpCCGSD
0.06103	5-UpCCGSD
0.24414	5-UpCCGSD
0.18311	5-UpCCGSD
0.12207	5-UpCCGSD
0.12207	5-UpCCGSD
0.1831	5-UpCCGSD
0.12207	5-UpCCGSD
0.18311	5-UpCCGSD
0.06103	5-UpCCGSD
0.24414	5-UpCCGSD
0.24414	5-UpCCGSD
-0.18311	5-UpCCGSD
1.15967	5-UpCCGSD
0.61035	5-UpCCGSD
1.70898	5-UpCCGSD
1.89209	5-UpCCGSD
1.34277	5-UpCCGSD
1.58692	5-UpCCGSD
0.91552	5-UpCCGSD
0.54931	5-UpCCGSD
0.24414	5-UpCCGSD
0.42725	5-UpCCGSD
0.67138	5-UpCCGSD
0.24414	5-UpCCGSD
0.24414	5-UpCCGSD
0.36621	5-UpCCGSD
0.18311	5-UpCCGSD
0.12207	5-UpCCGSD
0.06103	5-UpCCGSD
0.18311	5-UpCCGSD
0.30518	5-UpCCGSD
0.1831	5-UpCCGSD
0.36621	5-UpCCGSD
0.54932	5-UpCCGSD
0.79345	5-UpCCGSD
0.79346	5-UpCCGSD
0.24414	5-UpCCGSD
0.97656	5-UpCCGSD
1.52588	5-UpCCGSD
1.46484	5-UpCCGSD
1.2207	5-UpCCGSD
1.83105	5-UpCCGSD
1.28174	5-UpCCGSD
1.09864	5-UpCCGSD
0.48828	5-UpCCGSD
0.54931	5-UpCCGSD
0.24414	5-UpCCGSD
0.36621	5-UpCCGSD
0.24414	5-UpCCGSD
0.36621	5-UpCCGSD
0.12207	5-UpCCGSD
0.12207	5-UpCCGSD
0.12207	5-UpCCGSD
0.18311	5-UpCCGSD
0.30517	5-UpCCGSD
0.36621	5-UpCCGSD
0.48828	5-UpCCGSD
-0.36621	5-UpCCGSD
0.48828	5-UpCCGSD
1.15967	5-UpCCGSD
1.64794	5-UpCCGSD
2.19726	5-UpCCGSD
2.07519	5-UpCCGSD
1.95313	5-UpCCGSD
1.34277	5-UpCCGSD
0.97656	5-UpCCGSD
1.0376	5-UpCCGSD
0.48828	5-UpCCGSD
0.79345	5-UpCCGSD
0.30517	5-UpCCGSD
0.12207	5-UpCCGSD
0.06104	5-UpCCGSD
0.24414	5-UpCCGSD
0	5-UpCCGSD
0.06103	5-UpCCGSD
0.12207	5-UpCCGSD
0.18311	5-UpCCGSD
0.36621	5-UpCCGSD
0.30517	5-UpCCGSD
0	5-UpCCGSD
0.91552	5-UpCCGSD
0.79346	5-UpCCGSD
0.73242	5-UpCCGSD
1.2207	5-UpCCGSD
1.64795	5-UpCCGSD
0.67138	5-UpCCGSD
1.83106	5-UpCCGSD
1.28173	5-UpCCGSD
0.91553	5-UpCCGSD
0.30518	5-UpCCGSD
0.54932	5-UpCCGSD
1.03759	5-UpCCGSD
0.42724	5-UpCCGSD
0.12207	5-UpCCGSD
0.12207	5-UpCCGSD
0.24414	5-UpCCGSD
0.12207	5-UpCCGSD
0.12207	5-UpCCGSD
0.12207	5-UpCCGSD
0.06104	5-UpCCGSD
0.06103	5-UpCCGSD
0.06103	5-UpCCGSD
0.48828	5-UpCCGSD
0.79345	5-UpCCGSD
-0.48828	5-UpCCGSD
0.91553	5-UpCCGSD
1.89209	5-UpCCGSD
1.70898	5-UpCCGSD
1.03759	5-UpCCGSD
1.95313	5-UpCCGSD
1.58691	5-UpCCGSD
1.09863	5-UpCCGSD
0.48829	5-UpCCGSD
0.67139	5-UpCCGSD
0.54931	5-UpCCGSD
0.30517	5-UpCCGSD
0.36621	5-UpCCGSD
0.18311	5-UpCCGSD
0.18311	5-UpCCGSD
0.06103	5-UpCCGSD
0.12207	5-UpCCGSD
0.18311	5-UpCCGSD
0.18311	5-UpCCGSD
0.36621	5-UpCCGSD
-0.12207	5-UpCCGSD
0.48828	5-UpCCGSD
0.54931	5-UpCCGSD
0.36621	5-UpCCGSD
0.24414	5-UpCCGSD
1.28173	5-UpCCGSD
2.38037	5-UpCCGSD
2.56347	5-UpCCGSD
1.40381	5-UpCCGSD
1.52587	5-UpCCGSD
1.15967	5-UpCCGSD
-0.73242	5-UpCCGSD
0.67139	5-UpCCGSD
-0.24414	5-UpCCGSD
0.36621	5-UpCCGSD
0.24414	5-UpCCGSD
0.24414	5-UpCCGSD
0.30518	5-UpCCGSD
0	5-UpCCGSD
0.1831	5-UpCCGSD
0.12207	5-UpCCGSD
0.30518	5-UpCCGSD
0.12207	5-UpCCGSD
0.48828	5-UpCCGSD
0.18311	5-UpCCGSD
0.54931	5-UpCCGSD
-0.42725	5-UpCCGSD
1.58692	5-UpCCGSD
1.34277	5-UpCCGSD
0.91552	5-UpCCGSD
1.46484	5-UpCCGSD
1.34278	5-UpCCGSD
0.91552	5-UpCCGSD
1.0376	5-UpCCGSD
0.97657	5-UpCCGSD
0.54932	5-UpCCGSD
0.91552	5-UpCCGSD
0.24414	5-UpCCGSD
0.42724	5-UpCCGSD
0.18311	5-UpCCGSD
0.18311	5-UpCCGSD
0.24414	5-UpCCGSD
0.1831	5-UpCCGSD
0.12207	5-UpCCGSD
0.12207	5-UpCCGSD
0.24414	5-UpCCGSD
0.12207	5-UpCCGSD
0.54932	5-UpCCGSD
0.91552	5-UpCCGSD
-0.30518	5-UpCCGSD
-0.91552	5-UpCCGSD
1.64794	5-UpCCGSD
1.95312	5-UpCCGSD
1.46484	5-UpCCGSD
0.36621	5-UpCCGSD
1.15966	5-UpCCGSD
1.77002	5-UpCCGSD
0.67139	5-UpCCGSD
0.36621	5-UpCCGSD
0.67138	5-UpCCGSD
0	5-UpCCGSD
0.1831	5-UpCCGSD
0.24414	5-UpCCGSD
0.12207	5-UpCCGSD
0.1831	5-UpCCGSD
0.12207	5-UpCCGSD
0.42725	5-UpCCGSD
0.12207	5-UpCCGSD
0.12207	5-UpCCGSD
0.42724	5-UpCCGSD
0.36621	5-UpCCGSD
1.03759	5-UpCCGSD
1.15967	5-UpCCGSD
0.61035	5-UpCCGSD
1.03759	5-UpCCGSD
1.89209	5-UpCCGSD
0.67138	5-UpCCGSD
2.19727	5-UpCCGSD
1.4038	5-UpCCGSD
0.30517	5-UpCCGSD
0.18311	5-UpCCGSD
0.36621	5-UpCCGSD
0.06103	5-UpCCGSD
0.36621	5-UpCCGSD
0.36621	5-UpCCGSD
0.30518	5-UpCCGSD
0.24414	5-UpCCGSD
0.1831	5-UpCCGSD
0.1831	5-UpCCGSD
0.12207	5-UpCCGSD
0.24414	5-UpCCGSD
0.24414	5-UpCCGSD
0.1831	5-UpCCGSD
0.42725	5-UpCCGSD
0.1831	5-UpCCGSD
0.85449	5-UpCCGSD
1.52588	5-UpCCGSD
1.2207	5-UpCCGSD
1.2207	5-UpCCGSD
0.85449	5-UpCCGSD
3.11279	5-UpCCGSD
2.01416	5-UpCCGSD
0.91553	5-UpCCGSD
0.91553	5-UpCCGSD
0.73242	5-UpCCGSD
0.30517	5-UpCCGSD
0.36621	5-UpCCGSD
0	5-UpCCGSD
0.24414	5-UpCCGSD
0.24414	5-UpCCGSD
0.24414	5-UpCCGSD
0.12207	5-UpCCGSD
0.18311	5-UpCCGSD
0.12207	5-UpCCGSD
0.1831	5-UpCCGSD
0.30517	5-UpCCGSD
0.36621	5-UpCCGSD
0.67138	5-UpCCGSD
0.85449	5-UpCCGSD
1.28174	5-UpCCGSD
1.15966	5-UpCCGSD
1.46484	5-UpCCGSD
2.2583	5-UpCCGSD
1.95313	5-UpCCGSD
0.79345	5-UpCCGSD
1.28174	5-UpCCGSD
1.09864	5-UpCCGSD
0.42725	5-UpCCGSD
1.09863	5-UpCCGSD
0.36621	5-UpCCGSD
0.24414	5-UpCCGSD
0.18311	5-UpCCGSD
0.18311	5-UpCCGSD
0.06103	5-UpCCGSD
0.1831	5-UpCCGSD
0.06104	5-UpCCGSD
0.30518	5-UpCCGSD
0.30517	5-UpCCGSD
0.48828	5-UpCCGSD
0.91553	5-UpCCGSD
0.67138	5-UpCCGSD
0.73242	5-UpCCGSD
1.0376	5-UpCCGSD
0.85449	5-UpCCGSD
1.28173	5-UpCCGSD
1.15966	5-UpCCGSD
1.52588	5-UpCCGSD
1.70898	5-UpCCGSD
0.79345	5-UpCCGSD
0.73243	5-UpCCGSD
0.48828	5-UpCCGSD
0.48828	5-UpCCGSD
0.24414	5-UpCCGSD
0.24414	5-UpCCGSD
0.30518	5-UpCCGSD
0.24414	5-UpCCGSD
0.06103	5-UpCCGSD
0.12207	5-UpCCGSD
0.06104	5-UpCCGSD
0.42725	5-UpCCGSD
0	5-UpCCGSD
0.24414	5-UpCCGSD
0.42725	5-UpCCGSD
0.42724	5-UpCCGSD
-0.12207	5-UpCCGSD
0.91553	5-UpCCGSD
0.67138	5-UpCCGSD
0.97656	5-UpCCGSD
1.28173	5-UpCCGSD
0.97656	5-UpCCGSD
1.64794	5-UpCCGSD
0.54931	5-UpCCGSD
0.30518	5-UpCCGSD
0.67139	5-UpCCGSD
0.67138	5-UpCCGSD
0.48828	5-UpCCGSD
0.24414	5-UpCCGSD
0.24414	5-UpCCGSD
0.18311	5-UpCCGSD
0.12207	5-UpCCGSD
0.1831	5-UpCCGSD
0.06104	5-UpCCGSD
0.12207	5-UpCCGSD
0	5-UpCCGSD
0.06103	5-UpCCGSD
0.48828	5-UpCCGSD
0.30517	5-UpCCGSD
1.40381	5-UpCCGSD
1.0376	5-UpCCGSD
1.64794	5-UpCCGSD
1.2207	5-UpCCGSD
0.73242	5-UpCCGSD
2.19727	5-UpCCGSD
1.15966	5-UpCCGSD
1.0376	5-UpCCGSD
0.73243	5-UpCCGSD
0.67139	5-UpCCGSD
-0.18311	5-UpCCGSD
0.1831	5-UpCCGSD
0.24414	5-UpCCGSD
0.24414	5-UpCCGSD
0.24414	5-UpCCGSD
0.1831	5-UpCCGSD
0.06103	5-UpCCGSD
0.24414	5-UpCCGSD
0.30518	5-UpCCGSD
0.1831	5-UpCCGSD
0.30517	5-UpCCGSD
0.54932	5-UpCCGSD
0.54931	5-UpCCGSD
0.54932	5-UpCCGSD
0.67139	5-UpCCGSD
0.97656	5-UpCCGSD
0.54931	5-UpCCGSD
-0.97657	5-UpCCGSD
1.40381	5-UpCCGSD
1.34277	5-UpCCGSD
0.91553	5-UpCCGSD
0.36621	5-UpCCGSD
0.73242	5-UpCCGSD
0.12207	5-UpCCGSD
0.48828	5-UpCCGSD
0.42724	5-UpCCGSD
0.12207	5-UpCCGSD
0.24414	5-UpCCGSD
0.1831	5-UpCCGSD
